551.59 93.87
554.03 93.33
556.25 94.49
558.57 94.61
559.16 95.04
2495.78 95.18
2498.13 95.00
2500.80 93.55
2502.87 92.84
2503.24 93.65
545.93 96.06
548.26 96.89
551.08 96.24
552.60 97.14
553.61 96.93
556.44 95.03
558.98 95.15
560.24 96.06
2494.38 95.60
2496.13 97.13
2497.40 96.09
2499.12 95.71
2502.10 96.93
2503.08 96.31
2506.13 95.92
2509.09 95.93
541.08 98.88
543.74 96.87
546.61 98.56
546.92 97.09
550.35 97.14
550.95 98.82
555.16 98.24
554.99 97.17
558.38 97.93
559.01 97.36
2494.51 96.90
2495.13 97.92
2497.51 98.34
2499.64 97.04
2502.57 98.00
2504.79 99.15
2506.74 98.06
2507.25 96.85
2509.23 98.95
129.10 99.53
129.08 100.10
132.98 99.18
265.12 99.26
267.54 99.79
471.15 101.06
472.17 100.06
539.99 100.46
541.80 100.92
543.60 100.45
546.94 100.75
546.85 101.17
925.94 99.65
968.08 98.93
969.09 99.28
1082.82 99.70
1084.97 99.88
1088.37 99.93
1089.67 100.35
2076.91 100.55
2077.79 100.84
2081.11 98.91
2082.91 99.25
2459.54 99.51
2504.87 100.31
2506.94 100.53
2508.43 100.99
2510.95 99.81
2511.69 99.98
115.08 103.15
119.18 102.47
119.55 102.36
121.62 102.57
123.37 102.17
125.64 101.37
128.62 101.54
130.71 101.45
131.69 101.40
134.70 101.04
136.31 103.15
138.60 100.91
140.16 101.75
142.34 101.99
144.40 101.65
194.09 102.26
196.61 102.45
197.46 101.01
255.69 100.83
257.85 102.29
259.16 102.43
262.62 103.06
263.87 102.52
264.97 101.69
269.09 101.34
270.63 101.54
272.78 100.83
274.03 101.35
276.18 102.49
356.09 100.92
357.01 100.88
358.95 102.52
361.62 102.38
364.51 102.19
366.54 101.33
367.29 101.26
369.33 102.64
372.68 102.56
375.11 101.39
377.01 102.66
378.49 101.94
379.90 102.40
382.91 102.55
383.73 102.18
385.85 102.61
387.66 102.07
391.11 102.87
392.00 102.27
394.27 102.25
396.66 103.01
398.12 102.62
400.25 101.60
401.71 102.76
404.02 103.04
406.92 100.86
408.40 103.15
409.56 101.69
411.44 103.11
412.93 101.66
416.87 103.16
418.98 102.55
421.13 101.69
421.33 101.02
457.11 101.41
458.89 101.78
462.59 101.22
464.88 103.02
465.10 101.68
469.02 101.18
469.50 102.48
471.33 101.35
474.35 101.60
474.83 101.74
477.80 102.94
480.12 101.28
481.82 101.09
484.61 101.75
538.15 101.89
540.31 102.15
540.88 102.04
543.52 103.09
586.55 102.21
587.40 101.43
589.23 102.25
592.95 102.89
611.35 102.87
613.78 102.13
616.51 101.00
617.21 102.49
682.92 102.95
684.28 103.10
685.13 102.41
925.19 101.92
925.93 102.15
928.95 101.36
962.68 102.42
964.03 102.33
965.50 101.48
968.27 101.94
969.53 101.35
973.04 103.09
974.26 102.19
1082.43 103.19
1082.83 102.78
1086.04 103.05
1086.85 101.88
1089.02 102.06
1092.40 101.50
1574.46 102.58
1576.72 100.83
1578.46 102.32
1579.25 102.57
1581.55 102.90
1583.87 101.08
1584.83 102.79
1588.98 102.04
1589.09 103.09
1591.14 103.17
1594.64 101.25
1595.45 101.64
1599.18 102.41
1600.20 102.51
1601.68 103.18
1603.08 102.25
1606.46 102.79
1607.49 101.73
1609.82 102.57
1611.89 101.43
1614.31 102.39
1616.82 101.92
1617.83 103.14
1618.88 102.40
1621.22 102.12
1624.63 102.26
1626.12 101.97
1628.13 101.83
1630.77 101.64
1632.42 101.38
1633.03 102.55
1637.11 102.61
1639.18 102.48
1639.81 101.16
2058.88 102.59
2061.10 101.22
2061.73 102.63
2062.98 102.06
2067.04 102.89
2068.98 100.98
2071.05 101.31
2071.04 102.92
2073.18 101.04
2076.70 102.13
2078.69 101.75
2079.07 102.87
2081.66 103.18
2084.64 101.54
2085.09 101.58
2088.84 100.86
2089.23 101.61
2092.87 102.14
2093.16 101.37
2097.16 103.08
2457.52 102.07
2460.28 102.30
2463.14 103.10
2505.99 101.11
2507.39 100.92
2509.11 102.45
2511.33 103.15
112.84 104.41
114.14 103.17
114.82 103.43
117.76 103.96
119.06 104.77
121.50 104.17
125.19 105.06
125.41 105.12
127.31 103.37
129.31 103.53
131.42 103.11
135.05 104.94
136.02 103.16
138.41 103.96
139.01 103.71
140.83 104.97
144.05 104.54
145.21 104.84
147.15 103.86
190.61 104.84
192.33 102.99
192.86 103.31
194.90 102.87
196.81 104.43
252.60 104.36
254.05 103.30
256.36 103.21
258.70 104.72
260.64 104.76
261.99 104.16
263.94 104.90
265.72 105.05
267.27 105.02
270.20 104.40
270.94 102.98
274.66 103.34
276.65 103.03
278.78 104.35
347.34 103.59
350.68 105.00
351.43 102.81
353.85 103.17
355.13 104.72
358.10 104.48
359.95 104.55
361.87 103.84
364.84 104.74
364.93 103.61
368.39 105.00
368.95 104.07
371.80 104.25
374.31 104.79
375.05 105.06
376.97 102.95
379.87 103.71
382.76 104.84
385.16 103.27
386.57 104.00
388.84 103.46
389.24 103.19
390.99 104.03
393.62 103.43
396.76 103.09
399.10 103.20
400.54 102.91
402.49 103.97
403.24 104.02
406.61 103.80
408.33 103.80
410.93 103.15
411.62 105.19
414.43 103.91
416.63 103.18
418.16 104.80
419.59 103.84
421.88 105.15
424.96 103.47
453.04 104.15
456.03 104.67
458.85 103.23
459.31 104.36
461.37 104.86
462.80 103.32
467.03 103.47
467.40 102.86
470.49 103.37
471.37 104.21
473.19 105.12
475.30 103.41
477.71 104.31
479.40 104.07
481.02 105.14
482.94 104.31
486.73 104.29
489.07 103.70
535.18 103.73
537.81 103.89
540.96 103.87
541.84 103.18
580.41 105.09
582.64 103.48
583.16 103.47
584.83 104.52
586.82 103.75
590.48 104.72
591.08 103.96
593.70 103.70
595.22 104.37
611.14 104.19
612.64 104.43
613.33 105.08
615.08 104.71
679.21 104.92
681.64 103.49
683.14 104.59
687.00 103.92
924.51 103.13
926.36 104.86
927.79 103.98
958.34 103.59
960.74 103.66
961.65 104.98
964.44 104.99
965.04 105.03
968.35 103.04
970.97 104.04
973.07 104.51
973.27 102.93
976.83 103.21
1081.94 105.01
1084.36 104.83
1086.81 104.71
1087.45 105.18
1090.10 103.21
1092.94 104.15
1093.62 102.98
1562.98 104.14
1566.10 103.80
1567.42 103.24
1571.04 104.40
1571.66 103.46
1574.10 102.90
1575.13 104.40
1577.44 104.87
1580.37 103.56
1582.53 105.03
1583.11 103.55
1586.54 105.01
1587.93 103.20
1590.34 103.78
1592.67 104.79
1593.95 104.22
1594.97 103.94
1597.53 105.09
1600.37 103.99
1603.04 103.89
1602.84 103.54
1605.39 103.29
1607.58 103.33
1608.82 103.73
1612.54 104.79
1614.07 104.47
1615.63 103.13
1617.81 104.80
1619.03 104.55
1622.80 103.81
1623.00 103.04
1625.51 104.35
1629.09 105.17
1630.26 104.71
1633.12 103.73
1633.77 103.65
1636.94 104.83
1636.86 104.94
1639.22 103.89
2053.07 103.82
2054.65 104.87
2055.88 105.08
2057.83 102.81
2059.36 103.89
2061.86 104.68
2063.17 104.87
2065.46 104.86
2068.34 103.56
2069.05 103.61
2070.93 103.16
2075.12 103.10
2075.55 104.32
2077.90 103.76
2080.03 104.59
2081.00 103.78
2084.45 105.16
2086.40 103.42
2088.15 103.50
2090.49 103.24
2092.14 103.27
2094.33 102.81
2094.93 104.14
2097.26 104.29
2098.84 103.36
2101.94 104.73
2457.68 104.11
2460.28 104.90
2461.80 103.63
2508.26 103.60
2510.86 104.33
2512.01 104.95
2514.42 103.24
108.28 106.60
110.07 106.88
112.99 105.72
112.83 106.70
115.02 105.40
118.10 105.23
119.10 106.53
122.53 106.16
124.47 107.14
126.20 105.09
131.73 105.66
134.86 105.42
137.12 105.75
139.05 106.16
140.38 107.18
141.26 104.82
143.75 105.43
145.74 105.67
147.14 106.39
149.39 105.63
152.83 105.31
155.07 105.38
186.94 105.67
189.05 106.72
190.20 107.17
192.16 105.00
194.02 105.24
195.54 105.49
198.10 105.07
247.79 106.64
251.14 107.13
251.08 106.02
254.01 106.87
255.06 106.18
257.31 106.16
260.24 105.10
262.14 105.25
263.74 105.71
267.09 106.62
267.65 107.13
268.92 106.93
271.18 105.02
273.66 105.18
276.50 104.80
277.84 106.95
280.63 104.84
341.02 105.23
344.20 105.76
346.01 105.79
348.46 106.67
349.29 106.38
351.08 107.08
353.56 104.91
356.75 106.62
357.07 105.04
360.66 105.10
361.96 105.66
364.70 106.69
365.52 105.69
368.43 106.65
368.95 106.94
371.73 106.84
373.62 106.82
375.28 105.10
377.81 104.81
379.76 106.49
381.53 105.63
383.31 105.71
386.46 105.90
388.65 107.11
389.64 106.95
391.11 104.88
393.70 106.61
395.80 105.31
398.50 106.33
400.61 106.91
402.00 105.29
403.87 105.87
406.19 105.59
408.82 106.06
408.91 106.08
412.69 106.11
414.87 104.83
417.10 105.70
418.29 105.15
419.02 105.22
421.14 107.02
424.94 107.03
450.36 107.03
451.11 107.19
455.19 106.11
455.08 106.02
456.88 106.17
458.81 105.36
463.18 106.68
464.40 105.84
465.84 105.01
469.13 106.24
471.08 106.67
472.50 105.22
473.71 106.49
477.11 106.40
478.54 106.23
479.43 106.82
483.10 104.89
483.26 105.82
486.61 106.48
487.63 106.96
489.42 105.60
492.04 107.07
533.20 105.52
535.84 104.91
537.33 107.17
539.89 105.27
578.33 104.86
580.19 106.57
581.08 105.92
584.88 105.55
585.07 105.00
589.14 106.44
591.02 105.22
592.74 105.11
593.26 106.43
594.95 106.56
598.48 105.21
600.55 106.64
602.39 104.80
604.81 106.68
604.87 104.89
606.96 106.15
610.83 105.66
611.20 105.98
612.86 106.52
615.59 106.17
679.27 105.09
681.15 106.12
683.53 105.68
921.15 104.99
922.86 106.31
925.22 105.49
928.90 106.81
955.28 106.89
958.95 105.37
961.19 106.14
962.45 106.10
963.96 105.94
965.50 105.27
968.98 105.60
969.20 106.64
971.54 106.25
972.81 107.00
975.34 106.99
1082.76 105.34
1083.22 105.97
1085.32 106.55
1088.18 105.76
1089.62 106.26
1092.58 104.92
1095.15 106.85
1559.10 105.86
1562.30 106.76
1563.28 106.47
1565.44 105.73
1567.10 106.15
1570.43 106.27
1572.67 107.18
1573.73 105.87
1575.13 106.21
1577.00 105.96
1580.97 106.99
1581.07 105.42
1583.28 106.17
1585.12 105.89
1586.86 105.50
1589.03 106.27
1592.02 106.26
1593.96 106.91
1596.12 105.05
1597.54 105.75
1599.13 105.62
1601.96 104.92
1604.53 106.88
1606.53 105.97
1608.50 106.60
1609.61 104.89
1612.75 106.64
1613.53 107.10
1615.15 106.83
1618.77 106.93
1620.28 105.31
1622.88 105.63
1624.24 106.15
1626.35 104.85
1627.16 106.10
1628.98 105.40
1632.64 106.54
1634.58 105.90
1635.74 105.65
1639.09 106.98
1640.07 104.95
2046.31 105.12
2047.29 106.13
2049.15 106.87
2051.12 104.95
2054.04 104.91
2056.22 106.24
2058.91 107.14
2060.98 105.81
2061.48 106.72
2064.34 105.42
2066.23 106.31
2068.27 105.34
2069.05 106.35
2072.02 107.12
2074.66 105.09
2075.28 106.12
2077.10 105.40
2079.83 107.05
2081.19 105.94
2084.82 106.12
2085.55 105.48
2086.86 105.41
2090.34 105.88
2091.08 107.05
2093.51 105.49
2096.86 107.18
2098.16 105.23
2100.47 106.60
2101.94 107.13
2105.06 106.14
2106.78 105.78
2454.89 106.80
2457.45 105.80
2460.65 105.34
2508.28 106.67
2510.05 105.06
2512.66 104.88
2514.02 107.13
103.15 108.03
106.90 106.95
109.17 109.18
109.47 106.95
110.84 107.43
113.86 107.43
116.35 107.37
143.04 107.18
143.53 108.62
145.04 107.97
146.92 107.98
150.27 107.10
152.63 108.05
154.73 108.22
155.42 107.40
156.82 108.60
160.92 108.10
162.04 106.80
163.97 107.28
174.99 108.26
177.79 106.91
180.68 108.18
181.26 108.00
184.44 108.88
185.96 107.59
188.04 108.64
189.15 109.01
192.31 107.48
193.86 107.92
244.57 107.11
246.21 107.64
247.57 106.85
249.14 108.81
251.45 109.03
253.19 108.70
256.81 108.34
274.35 107.73
275.15 107.66
277.63 108.09
281.11 108.72
337.80 106.81
340.96 106.84
341.48 107.10
345.00 107.23
346.40 107.65
346.99 108.12
349.50 108.32
352.75 108.75
353.62 109.14
356.54 108.27
359.02 107.22
360.41 109.02
361.50 108.63
363.23 107.89
367.18 107.34
368.88 108.98
369.09 107.86
370.93 109.18
373.51 108.80
376.47 106.81
376.81 107.89
378.84 109.10
382.94 107.58
384.00 107.25
384.93 107.90
387.62 108.64
390.97 109.06
392.96 107.72
393.01 108.27
397.11 107.39
397.77 108.16
400.93 108.76
402.92 108.04
405.08 108.27
405.13 107.11
408.51 108.76
410.82 107.21
412.52 107.54
412.95 109.05
416.38 106.80
417.88 107.20
419.81 107.82
421.24 107.66
447.04 107.98
450.17 107.67
452.60 107.43
454.68 107.17
455.16 108.93
457.42 107.43
482.68 108.58
483.52 107.49
486.46 108.20
488.11 108.98
490.71 107.95
493.18 108.53
494.27 107.36
533.58 108.94
535.73 107.21
537.16 108.91
576.61 107.85
576.92 108.63
580.30 108.56
581.79 108.99
583.50 108.85
591.15 107.33
592.87 107.11
596.82 109.01
597.11 106.99
600.61 108.50
603.05 107.56
603.03 108.24
605.26 109.02
607.36 108.57
608.82 108.98
612.63 108.34
613.07 108.37
616.53 107.90
680.36 107.63
682.71 107.02
684.94 107.38
923.14 107.04
925.04 108.28
927.14 108.79
954.49 107.84
955.34 107.40
957.68 106.99
960.53 107.74
961.18 107.61
971.50 107.19
974.40 107.41
975.93 107.94
978.82 106.81
1084.91 107.43
1086.19 108.69
1087.09 108.45
1088.95 106.84
1090.98 108.77
1094.93 108.59
1095.23 108.76
1098.81 108.16
1556.19 108.20
1557.44 107.51
1559.78 106.81
1562.65 107.06
1564.13 109.09
1567.17 107.43
1566.99 109.07
1569.41 107.35
1572.61 108.05
1573.44 108.24
1575.61 109.06
1577.31 108.89
1580.23 109.11
1580.86 107.84
1582.92 106.92
1585.36 108.91
1587.01 109.10
1590.92 109.11
1591.91 106.88
1594.45 108.75
1595.04 107.81
1598.53 107.84
1600.87 108.49
1602.42 106.90
1603.98 108.35
1605.48 106.86
1608.50 109.03
1610.83 107.15
1611.55 108.03
1613.66 108.59
1616.86 107.29
1617.39 108.66
1620.15 107.79
1622.05 108.94
1624.06 108.72
1626.13 107.35
1629.09 109.12
1630.93 108.73
1632.65 107.94
1634.05 108.56
1635.08 108.36
1638.56 108.94
2040.02 108.21
2041.56 106.97
2043.51 108.84
2046.13 108.59
2048.35 106.85
2049.14 108.57
2051.61 106.85
2055.10 107.73
2055.38 107.29
2057.38 108.73
2095.48 107.81
2098.25 107.32
2100.89 108.92
2103.13 108.67
2104.31 107.61
2104.95 107.09
2108.50 107.78
2455.50 108.90
2458.39 108.57
2459.62 107.70
2508.57 108.89
2510.42 109.20
2513.06 106.93
2514.47 108.45
102.04 110.96
103.20 111.05
106.80 110.99
107.43 109.06
109.12 109.61
148.06 110.25
150.95 110.94
152.21 109.86
153.35 109.85
155.71 109.46
157.21 109.07
160.83 109.64
161.74 108.96
164.01 110.21
166.90 109.49
168.14 110.19
169.22 110.44
172.67 111.02
173.85 110.52
176.93 108.90
177.85 110.84
180.69 109.06
181.64 109.52
183.11 109.02
186.67 111.13
187.52 109.10
189.92 111.18
241.10 110.97
242.12 109.67
244.17 109.05
245.46 108.91
248.01 110.37
250.95 110.95
275.77 111.18
276.90 109.73
279.81 109.59
282.20 110.89
337.03 109.42
339.10 110.86
338.97 110.84
342.63 110.18
344.61 109.01
345.22 109.70
377.50 109.32
380.88 110.06
380.93 110.09
443.03 109.88
447.03 110.05
448.76 109.52
449.92 111.12
451.78 109.63
454.96 108.84
488.25 110.26
489.57 109.61
491.82 110.92
493.99 110.67
495.28 110.33
532.86 110.11
533.29 111.12
535.79 110.50
538.27 109.93
574.97 109.56
574.97 111.18
577.23 110.62
580.73 109.52
596.17 111.05
598.69 109.21
599.68 108.91
601.74 109.52
603.29 110.73
606.51 110.10
609.93 110.79
612.30 109.13
613.51 109.53
677.58 110.96
680.99 109.37
682.18 108.92
684.62 109.58
921.91 109.33
923.49 110.33
926.57 110.94
952.08 110.66
955.20 111.06
956.92 110.25
957.10 109.75
971.30 110.02
973.99 110.23
976.82 110.83
977.45 109.00
1089.00 109.78
1090.13 110.80
1092.27 110.74
1093.21 110.62
1095.54 109.96
1098.48 109.03
1099.62 108.82
1101.68 109.11
1104.46 109.99
1553.52 110.81
1556.83 109.16
1559.18 109.07
1560.55 111.05
1560.83 109.45
1595.01 108.94
1596.91 110.79
1598.70 110.38
1599.86 109.95
2034.88 110.69
2039.19 110.56
2041.04 109.32
2042.96 109.70
2044.19 109.28
2045.16 110.11
2048.65 110.58
2049.24 111.09
2099.70 109.76
2102.69 110.00
2104.20 110.10
2106.87 109.75
2108.58 109.57
2108.82 109.39
2455.61 111.11
2459.14 108.86
2460.25 111.06
2508.85 110.17
2510.09 109.19
2511.46 109.81
2515.08 109.30
100.54 112.21
102.36 112.97
103.10 110.83
105.71 111.79
107.44 111.29
154.24 112.96
155.55 111.82
159.11 112.94
160.73 110.94
160.89 111.60
164.66 111.95
167.14 113.17
167.57 111.30
169.82 111.36
171.72 110.85
173.01 112.20
176.31 110.84
176.82 111.28
180.32 111.35
181.80 111.22
182.89 112.34
237.16 112.24
241.10 112.43
242.37 111.65
244.44 110.94
246.46 112.15
247.00 110.80
275.36 111.12
276.96 112.16
280.05 112.39
281.52 113.13
335.17 112.31
336.49 111.43
337.40 112.93
341.01 111.24
341.20 112.16
376.51 112.67
378.76 111.47
381.00 111.81
382.73 111.85
441.12 113.20
444.31 111.97
445.07 111.61
446.80 111.77
449.31 112.50
490.91 111.65
493.66 111.88
495.34 112.11
497.64 112.66
531.81 112.55
534.14 110.95
534.90 112.89
538.42 112.66
572.72 113.05
573.61 111.49
575.34 112.01
577.65 110.99
609.29 111.72
613.03 111.80
612.88 111.41
677.61 111.80
680.66 112.64
681.71 111.59
920.80 112.56
922.87 111.37
924.94 112.19
926.74 111.19
949.55 112.46
950.81 111.97
953.05 111.27
954.83 112.65
972.81 110.80
974.36 112.62
975.79 112.32
977.44 111.01
1087.06 112.66
1089.80 112.58
1092.45 110.83
1094.26 112.06
1097.02 112.26
1097.43 113.10
1099.17 112.90
1101.68 112.43
1104.19 112.14
1106.20 112.40
1107.60 111.15
1110.46 111.40
1110.91 112.23
1549.03 111.19
1551.72 112.68
1553.68 112.83
1555.97 112.25
1558.66 111.23
1593.23 110.85
1595.42 113.16
1598.29 111.69
2032.19 112.84
2034.86 111.90
2036.97 112.46
2038.78 110.96
2041.13 111.01
2040.92 111.19
2044.62 112.66
2104.67 112.34
2106.07 111.63
2107.74 112.62
2110.08 110.90
2113.02 112.33
2454.87 112.18
2455.50 111.88
2457.69 111.55
2508.98 112.11
2510.85 110.95
2511.57 110.86
98.24 113.68
101.04 113.99
100.81 113.48
103.46 113.69
159.19 114.58
161.19 114.33
163.71 115.04
166.87 114.24
168.74 113.42
170.12 113.35
171.66 112.86
172.97 114.96
236.80 113.78
238.64 114.63
240.68 114.45
243.16 114.46
245.14 113.99
275.36 114.14
278.40 115.20
280.11 113.96
282.30 113.19
333.01 113.92
334.54 114.54
336.51 112.89
338.31 113.03
376.07 115.09
377.70 114.32
379.50 114.92
440.36 114.19
442.16 114.17
444.07 114.43
446.67 113.78
447.40 115.07
493.55 113.66
496.08 113.48
496.94 114.30
500.58 113.03
532.52 113.05
533.53 113.65
536.17 114.68
570.21 113.85
571.26 112.83
573.09 114.14
575.54 113.57
608.24 113.84
609.42 113.99
612.82 114.32
614.39 114.54
679.10 113.22
680.23 113.70
682.21 114.20
919.42 113.13
921.44 114.24
923.31 114.32
950.08 113.35
951.46 114.75
952.97 114.45
971.89 113.93
973.28 114.73
975.40 113.02
1084.96 113.63
1087.59 113.12
1090.18 114.66
1091.10 113.45
1097.22 113.97
1099.63 114.67
1102.54 113.88
1104.43 113.49
1107.13 113.86
1107.50 114.09
1110.31 114.73
1111.50 114.61
1548.96 114.42
1550.07 114.15
1552.87 114.23
1554.94 113.17
1554.92 114.64
1593.73 114.82
1595.23 114.60
1599.17 113.87
2028.66 113.23
2029.70 112.85
2032.92 113.66
2034.43 112.88
2037.06 115.08
2039.13 114.37
2039.42 112.85
2106.78 114.76
2106.99 114.74
2109.05 113.04
2111.07 112.82
2114.37 113.38
2453.31 113.62
2455.61 114.61
2457.73 113.51
2506.96 113.14
2509.72 113.02
2513.08 114.00
94.43 116.76
96.15 115.37
97.36 117.10
98.97 115.99
102.40 115.90
158.88 114.84
161.05 117.10
162.66 117.17
162.87 115.10
233.11 116.93
235.15 116.60
237.52 116.75
240.82 115.46
241.34 116.64
278.99 115.24
279.79 114.99
282.02 115.40
331.19 115.44
333.05 115.55
332.85 115.00
335.43 116.82
374.95 116.28
378.67 115.31
378.80 114.97
440.03 117.13
441.96 114.97
443.74 116.77
446.33 116.13
496.09 115.60
498.90 116.79
499.79 116.41
501.22 115.65
530.85 115.23
534.81 115.81
536.57 115.75
568.42 117.11
571.14 115.30
570.81 114.84
572.95 115.41
608.74 116.43
609.90 116.38
612.57 116.10
676.12 114.95
677.99 115.90
680.86 116.72
683.05 116.56
919.29 116.62
922.97 115.39
924.37 115.14
946.96 115.53
950.60 115.85
951.43 115.28
954.52 115.71
972.73 116.66
973.63 116.39
975.85 115.43
1086.79 115.80
1089.13 116.37
1090.01 116.90
1106.97 115.54
1106.97 115.63
1110.39 117.12
1112.54 115.86
1548.04 115.58
1550.79 115.51
1551.35 115.48
1554.52 116.41
1592.42 116.10
1594.89 116.44
1596.21 116.91
1597.92 115.06
2026.13 115.50
2026.82 116.42
2029.30 116.64
2032.49 115.32
2034.54 115.40
2035.08 115.82
2107.43 114.96
2111.05 116.83
2110.90 116.83
2113.50 116.14
2116.05 115.64
2453.32 115.06
2455.83 115.10
2457.89 115.82
2505.07 116.62
2508.69 116.85
2509.95 114.83
92.34 117.96
93.18 118.31
96.78 117.35
99.13 118.67
99.98 117.97
157.18 117.67
159.40 118.45
162.86 119.20
232.26 117.15
234.17 118.37
236.62 118.82
238.54 117.21
275.43 117.27
278.18 117.94
280.77 117.52
281.26 117.16
328.16 118.16
329.65 117.20
331.31 118.44
334.97 118.64
374.89 117.68
379.00 116.94
380.34 119.17
437.89 117.89
440.95 117.91
441.03 118.67
444.42 117.48
498.95 117.69
500.79 118.99
532.83 117.94
532.85 118.11
536.41 117.57
569.00 117.31
571.21 117.18
608.24 118.84
609.36 117.36
612.51 117.08
675.45 118.13
676.98 117.08
681.00 117.96
917.51 118.61
919.18 117.85
920.87 118.37
923.22 118.24
945.34 118.65
947.05 117.57
950.50 118.80
951.98 117.71
971.65 117.18
974.82 118.07
976.82 117.35
1085.01 118.76
1088.77 117.05
1089.35 118.73
1545.08 118.41
1549.17 119.10
1549.85 117.56
1553.12 117.34
1592.72 117.76
1594.37 117.97
1596.04 117.14
2023.70 117.43
2026.56 117.02
2028.87 117.38
2030.45 117.55
2031.72 118.45
2110.55 118.57
2111.73 118.06
2114.66 119.18
2115.43 118.73
2452.12 118.31
2454.43 117.54
2456.19 117.86
2458.58 117.88
2505.66 118.91
2508.84 116.86
2509.33 117.89
91.77 120.52
94.18 119.36
96.45 119.08
99.08 121.03
158.68 119.96
160.51 120.27
162.30 120.38
229.39 119.87
232.94 120.58
234.47 120.72
236.47 119.56
274.86 119.14
278.70 120.27
280.62 119.04
283.01 120.71
327.48 119.65
329.03 120.41
332.74 120.72
373.98 120.68
374.87 120.45
378.64 120.65
380.66 120.25
437.18 120.59
438.71 120.81
440.44 119.65
441.17 119.31
532.28 120.91
532.98 119.80
537.00 120.02
607.36 120.37
611.08 120.63
612.76 119.55
674.85 120.93
679.16 119.54
679.73 119.33
919.03 121.00
919.55 119.84
921.13 120.82
944.11 119.10
947.06 120.52
947.09 120.65
950.97 120.82
969.73 119.21
972.57 119.89
974.41 119.09
976.84 119.88
1084.97 121.16
1089.12 119.35
1090.94 120.02
1544.11 120.99
1545.24 119.55
1547.38 120.55
1550.41 120.00
1592.38 118.81
1593.87 121.14
1595.02 119.34
2023.67 119.17
2026.21 118.86
2027.78 120.68
2053.05 120.26
2056.87 119.49
2057.02 120.32
2111.36 120.37
2112.91 120.45
2115.48 119.66
2452.96 118.86
2453.34 120.51
2455.97 119.26
2503.43 119.59
2507.18 120.22
2508.37 120.93
90.99 121.44
91.59 123.09
95.08 121.81
96.34 121.71
157.00 122.72
157.59 121.37
159.95 122.22
161.84 121.31
227.59 120.97
230.44 121.85
230.84 121.73
233.58 123.07
277.10 122.01
278.37 120.99
280.15 122.50
325.57 122.81
327.63 122.45
328.99 121.50
332.31 121.14
374.49 122.75
374.89 122.62
378.33 121.89
436.54 121.62
436.94 122.84
440.56 120.81
442.74 122.83
532.58 123.03
533.09 122.76
536.86 121.78
606.28 121.32
607.46 121.86
609.07 120.84
675.46 120.80
678.49 122.24
679.76 121.69
918.16 122.40
920.90 122.68
921.11 122.69
943.69 121.00
945.01 122.23
948.04 121.74
970.60 120.99
972.23 122.14
973.58 122.18
1084.59 122.46
1085.40 123.04
1087.83 122.19
1090.27 121.41
1544.36 121.18
1546.19 123.11
1548.46 122.91
1589.14 120.87
1590.98 121.64
1593.96 122.08
1595.42 122.60
2025.92 122.93
2052.63 121.13
2053.62 121.47
2056.96 121.87
2057.30 121.78
2110.99 121.93
2112.91 123.06
2115.94 122.70
2117.25 122.67
2452.88 122.73
2454.28 121.41
2456.76 121.12
2501.24 121.63
2505.17 121.62
2505.31 122.40
2508.83 121.57
90.63 123.52
92.11 124.72
94.42 125.05
156.76 124.07
157.86 123.52
160.47 123.30
225.20 124.04
228.34 123.92
229.10 123.41
231.94 123.64
276.39 123.58
277.10 123.99
279.40 123.38
326.15 125.05
327.82 124.83
329.95 124.84
374.09 124.40
376.82 123.30
378.42 123.92
434.41 123.75
436.87 123.73
438.02 124.95
439.68 123.80
531.88 124.82
535.03 123.33
536.56 123.94
537.39 124.52
605.54 123.28
608.51 123.38
609.95 123.94
673.12 124.48
676.81 124.31
678.59 123.43
679.31 124.34
915.39 124.76
918.89 122.88
920.93 122.89
922.28 123.06
946.38 124.56
949.11 124.68
971.20 124.03
970.98 123.80
973.93 125.09
1083.39 123.72
1085.22 124.30
1088.10 124.49
1542.07 123.57
1542.98 123.61
1545.85 124.13
1548.90 123.76
1591.01 124.11
1592.61 123.56
1593.27 123.30
2051.28 124.41
2055.00 125.04
2055.45 123.68
2111.32 124.37
2112.92 123.69
2116.91 124.08
2118.50 124.44
2450.83 124.15
2452.38 123.69
2455.08 123.77
2456.86 124.93
2499.92 123.01
2500.98 124.21
2503.27 123.32
2506.73 123.72
156.39 125.76
158.18 125.76
158.80 127.02
223.48 124.92
226.22 125.79
228.46 125.09
230.50 125.19
275.15 126.88
276.48 125.97
279.15 126.07
280.01 125.39
322.98 126.90
324.94 125.59
328.36 126.45
372.82 125.75
374.70 125.31
375.14 125.10
378.46 126.20
434.23 126.09
436.11 125.94
437.98 125.74
440.17 126.15
531.78 125.27
533.42 126.23
536.45 126.50
538.38 126.71
606.76 126.58
608.09 126.03
609.47 126.15
673.08 125.21
676.14 127.14
678.12 125.32
915.31 125.17
918.85 126.15
920.51 125.31
968.43 125.13
969.82 126.75
971.12 126.16
974.46 126.16
1083.22 126.28
1085.11 125.25
1088.42 125.77
1542.27 126.59
1543.77 125.16
1545.94 126.20
1589.19 125.80
1592.66 125.82
1593.77 126.23
2052.73 126.53
2053.21 125.11
2056.02 124.92
2113.20 127.11
2116.98 126.55
2118.53 126.78
2449.68 125.35
2452.47 125.79
2454.98 125.24
2497.80 125.18
2498.82 125.58
2502.42 125.69
2503.93 125.58
154.61 128.50
155.08 127.19
157.37 128.46
160.78 126.95
220.82 129.16
223.00 128.18
225.20 128.96
228.65 128.86
273.34 127.97
275.56 128.19
278.98 127.00
324.28 127.40
325.49 126.98
327.84 127.87
371.64 127.52
373.55 127.93
376.37 128.97
433.78 129.09
435.19 127.74
438.89 128.38
534.39 128.22
536.58 127.07
538.77 126.91
605.17 128.13
605.36 126.90
607.65 127.87
610.79 127.07
674.93 127.09
676.66 127.44
678.54 129.08
915.64 127.60
918.53 127.65
919.59 127.13
968.84 127.95
970.67 127.95
972.34 126.94
1083.61 128.65
1085.49 128.20
1088.59 127.33
1541.85 128.86
1543.18 128.56
1588.37 128.52
1590.05 128.39
1592.60 127.28
1594.43 128.46
2049.39 127.82
2052.46 129.18
2053.17 126.97
2054.99 129.13
2113.28 128.81
2115.95 128.64
2118.51 127.87
2450.34 126.80
2452.88 126.82
2454.19 127.90
2496.91 127.71
2499.48 127.38
2503.09 127.10
154.55 129.14
155.93 130.77
156.93 129.99
220.34 130.75
221.61 130.71
223.44 130.95
226.36 129.26
272.23 131.06
273.53 130.52
275.30 130.79
279.05 129.46
370.87 128.83
374.08 130.89
376.97 129.47
431.37 130.47
433.18 130.55
437.13 129.40
439.08 129.85
534.98 128.88
536.18 129.37
537.42 130.71
604.57 130.68
605.17 129.92
608.02 129.04
673.15 129.57
674.59 129.70
675.22 130.12
677.29 130.05
914.59 129.48
916.46 129.17
918.11 129.25
920.60 129.34
967.74 130.93
970.97 128.96
970.88 129.33
1024.00 131.03
1027.16 130.42
1026.80 130.27
1083.16 131.06
1083.69 130.65
1086.37 130.01
1587.59 130.24
1590.35 129.09
1591.01 130.25
2048.96 131.14
2052.41 130.47
2054.16 129.20
2113.23 130.57
2115.37 128.93
2117.47 128.90
2446.95 128.84
2450.23 129.20
2452.16 130.21
2453.90 129.89
2496.82 129.26
2496.85 129.63
2500.68 130.48
2503.07 131.15
153.73 131.62
155.35 131.61
158.39 132.22
218.30 132.27
220.39 132.27
223.17 131.49
223.04 131.93
268.95 131.68
272.04 131.06
274.64 131.58
275.89 132.69
370.49 131.77
371.00 131.06
373.33 132.74
376.95 131.59
431.53 131.99
433.48 130.97
436.71 131.77
438.25 131.68
534.21 133.17
536.16 131.68
538.17 130.95
604.84 132.12
605.00 131.55
608.52 133.19
672.74 131.81
674.51 131.45
675.77 132.52
913.56 131.57
915.33 131.86
917.63 131.91
967.38 132.02
969.53 131.99
972.15 131.94
1021.12 133.09
1024.41 131.04
1026.31 132.84
1028.37 131.68
1030.07 132.53
1080.95 133.14
1084.73 132.09
1086.98 131.06
1189.13 132.86
1190.82 130.87
1195.15 132.53
1197.04 132.40
1320.08 131.38
1322.59 132.75
1325.10 132.29
1325.60 132.34
1587.40 133.06
1590.18 132.62
1591.28 132.29
2050.36 131.45
2052.32 131.19
2053.08 132.44
2113.74 132.48
2115.79 132.61
2117.49 131.29
2208.58 131.56
2210.50 132.27
2212.97 131.00
2214.71 130.84
2448.77 131.42
2449.91 132.11
2451.86 132.48
2493.34 131.24
2495.27 131.38
2497.11 132.90
2499.98 132.04
153.16 134.61
156.51 134.28
157.37 135.04
217.53 135.08
219.50 133.99
223.12 135.01
224.40 133.77
269.27 132.96
272.94 133.27
274.32 133.95
276.43 134.31
370.16 133.33
371.07 134.93
374.79 134.23
431.95 135.19
433.46 133.56
434.83 135.03
437.17 133.54
534.29 134.69
536.49 134.62
538.47 134.00
539.63 134.51
602.95 133.45
603.69 133.46
606.40 134.49
607.40 133.07
672.55 132.91
674.04 133.28
676.99 134.74
913.16 134.14
917.17 134.81
918.59 134.71
966.79 134.76
968.80 133.58
969.53 134.40
972.76 133.35
1021.81 134.11
1023.41 134.55
1025.98 135.07
1028.51 133.39
1030.81 134.48
1081.32 134.14
1084.44 133.76
1085.42 135.16
1188.77 133.18
1189.97 133.14
1191.12 134.04
1193.65 133.54
1195.30 133.98
1197.95 133.41
1316.96 133.61
1319.50 132.94
1320.82 133.24
1324.60 134.67
1326.21 134.24
1328.05 133.58
1585.92 134.98
1588.06 133.20
1589.70 132.85
1591.81 134.64
2047.94 133.10
2049.87 133.52
2051.98 134.11
2053.03 134.71
2112.46 134.79
2115.12 132.98
2115.26 133.93
2118.86 133.80
2206.49 134.62
2207.61 132.89
2210.71 133.96
2212.83 133.02
2214.05 133.04
2215.76 134.20
2447.66 134.12
2450.44 133.68
2452.92 132.88
2491.04 134.09
2493.70 134.21
2495.87 134.42
2497.17 133.25
151.05 135.83
154.65 136.47
156.86 135.51
216.84 135.43
217.23 136.13
219.66 137.01
222.79 137.05
268.46 136.74
271.08 135.60
270.80 137.09
275.13 135.92
370.88 135.57
372.60 135.03
374.42 136.55
432.00 136.68
434.89 135.36
435.51 136.49
438.33 136.65
533.12 135.75
536.15 136.39
538.22 136.49
541.09 136.75
601.03 135.42
603.32 135.53
606.18 136.14
671.06 135.10
671.67 135.56
673.01 135.84
675.38 135.85
911.26 135.81
914.75 135.19
916.42 135.49
917.78 136.50
966.94 136.89
968.47 135.23
969.81 135.49
1020.37 136.64
1023.03 136.08
1022.99 135.52
1025.24 137.09
1028.39 136.67
1080.35 135.67
1081.87 135.73
1083.27 136.62
1189.07 134.90
1189.54 135.64
1191.43 136.34
1194.62 137.05
1195.53 135.86
1197.04 136.23
1318.21 136.30
1320.90 135.90
1322.74 136.19
1324.44 136.47
1326.25 136.72
1327.04 135.67
1586.58 135.61
1586.94 134.82
1590.78 136.12
2048.57 135.88
2048.91 134.85
2051.46 135.26
2111.96 135.28
2113.00 136.54
2116.22 134.93
2117.72 137.15
2205.06 135.94
2207.64 134.94
2210.99 134.93
2212.75 136.70
2212.92 136.55
2215.25 135.62
2445.94 135.11
2447.38 136.39
2451.13 136.64
2453.08 136.54
2490.29 136.03
2493.00 137.15
2494.88 136.26
2494.83 137.04
151.89 138.36
154.97 137.36
156.69 137.50
214.58 139.04
216.45 137.08
216.89 138.68
220.33 137.95
266.74 138.43
267.36 138.83
270.57 138.86
272.58 137.42
366.98 137.04
370.46 138.77
371.55 138.87
374.39 138.44
432.31 137.98
433.56 137.58
436.11 137.77
533.87 137.93
535.36 138.85
536.94 137.52
539.98 137.45
601.45 138.35
605.01 138.51
606.02 137.43
670.14 137.56
671.33 136.97
674.70 138.76
910.84 138.41
913.69 138.72
915.50 138.41
965.85 137.74
968.01 138.04
969.35 138.62
1020.43 139.18
1021.14 137.47
1023.62 139.01
1026.19 137.56
1028.82 138.40
1079.84 138.10
1081.35 137.43
1084.17 137.97
1189.06 137.37
1190.42 137.13
1193.12 138.11
1193.49 137.42
1196.81 137.41
1230.70 137.67
1230.95 136.86
1234.89 138.97
1278.33 138.77
1279.13 138.30
1281.05 136.84
1316.91 138.32
1319.78 139.11
1320.94 138.13
1325.13 138.17
1325.22 137.43
1586.15 139.05
1587.61 137.34
1589.49 138.32
1790.12 138.87
1791.95 138.22
1794.96 137.15
1872.93 137.10
1875.80 137.25
1878.42 138.56
2048.33 137.98
2049.66 136.84
2052.10 138.54
2112.44 137.47
2114.05 137.56
2115.99 137.22
2119.18 136.97
2204.99 138.51
2208.42 136.99
2210.84 137.09
2212.47 138.67
2214.47 137.71
2329.16 137.80
2332.99 138.62
2333.61 136.85
2445.38 139.16
2447.25 137.45
2449.09 138.71
2489.30 138.94
2493.09 136.98
2494.92 138.66
151.23 140.44
154.64 139.92
155.78 139.90
212.11 139.94
214.84 139.92
216.32 139.16
217.42 140.99
264.22 140.93
265.54 138.96
267.07 140.98
270.09 140.36
368.35 141.14
370.43 140.23
373.18 138.83
432.38 138.93
433.87 140.77
435.05 139.13
437.02 139.17
533.62 139.53
536.40 139.16
537.54 139.04
541.17 140.74
600.89 141.06
603.01 139.19
604.72 139.55
607.06 139.67
670.28 139.81
671.80 139.15
672.90 140.72
912.06 140.79
912.91 139.99
916.82 140.67
963.44 139.56
965.41 139.37
967.24 139.07
969.03 141.18
1020.50 138.82
1020.89 141.15
1024.98 140.36
1026.82 139.17
1077.67 140.43
1080.61 140.95
1082.98 138.83
1084.86 140.76
1187.28 140.08
1190.39 138.86
1192.63 140.43
1194.68 140.48
1197.00 140.56
1230.47 140.64
1231.71 139.64
1234.40 139.63
1274.88 140.28
1276.98 141.09
1278.82 140.11
1318.17 139.01
1320.99 141.00
1322.29 140.70
1324.50 140.38
1326.07 138.99
1582.95 139.41
1586.87 140.49
1587.22 139.60
1590.71 140.13
1790.80 141.01
1792.64 139.91
1792.80 139.62
1871.71 138.86
1874.07 140.51
1875.52 139.55
2045.95 139.09
2047.06 140.37
2049.76 139.83
2053.01 138.96
2111.39 139.61
2112.82 139.84
2116.67 139.98
2207.04 140.86
2209.10 139.02
2209.95 140.11
2212.78 140.34
2215.04 139.20
2328.27 139.76
2329.65 139.24
2332.92 139.75
2445.07 139.67
2447.70 139.08
2450.22 139.17
2488.06 140.62
2490.01 140.26
2491.26 140.20
2494.68 141.02
149.54 141.89
151.18 143.15
153.76 141.30
211.10 142.71
213.35 141.79
216.34 142.85
218.84 141.18
261.07 141.97
264.24 141.45
266.51 143.19
267.06 142.54
269.51 142.43
368.60 141.41
370.67 142.11
371.80 142.05
431.02 141.08
434.01 142.76
435.54 142.56
437.36 143.16
534.77 143.15
535.96 142.77
537.34 141.37
540.21 142.23
599.28 142.43
602.71 143.05
605.14 142.00
667.40 142.39
669.49 142.35
672.62 143.14
673.16 141.74
911.07 142.33
911.92 141.70
913.62 142.08
916.90 142.94
964.96 141.17
966.10 140.99
967.72 140.94
1019.27 141.11
1021.20 142.87
1023.78 142.64
1026.23 142.28
1079.11 141.17
1078.98 140.80
1082.99 140.81
1190.21 141.19
1191.45 141.10
1194.07 141.09
1228.73 141.88
1229.05 141.67
1232.76 142.52
1233.37 142.16
1276.85 141.29
1277.51 142.40
1280.77 141.79
1320.17 141.20
1321.49 142.82
1323.02 142.69
1584.64 141.58
1586.14 142.68
1587.78 141.51
1789.06 141.51
1789.97 142.53
1792.67 142.74
1794.42 142.48
1872.48 141.60
1872.93 140.90
1875.43 141.57
2046.58 142.54
2047.87 142.34
2050.79 142.20
2110.17 143.07
2112.18 141.20
2114.83 142.11
2115.75 142.21
2209.13 142.85
2209.25 142.76
2211.74 141.92
2327.35 142.72
2328.86 141.50
2332.64 141.02
2444.75 141.73
2446.43 142.76
2447.52 142.46
2450.23 142.87
2487.02 141.19
2489.73 141.56
2493.00 142.48
149.70 144.80
153.07 144.06
154.61 143.21
210.87 144.14
211.27 143.14
214.96 144.00
216.12 144.58
260.85 144.52
261.83 144.76
263.75 143.55
266.18 143.25
267.91 144.51
365.43 142.80
367.17 143.65
369.41 145.10
372.47 145.18
431.02 143.05
434.66 143.60
437.10 142.81
438.16 144.88
534.08 144.22
535.55 142.81
538.87 144.60
599.57 143.11
602.89 144.21
603.73 143.76
667.00 142.86
670.45 145.05
671.86 142.91
909.26 145.15
911.76 144.70
915.18 143.23
965.04 144.34
965.16 144.54
966.88 143.48
1019.84 143.14
1022.07 143.38
1023.38 143.40
1078.26 144.71
1080.82 144.79
1082.91 142.97
1227.28 143.65
1229.32 143.13
1231.17 142.81
1274.97 144.95
1276.81 142.99
1278.58 144.93
1281.15 142.94
1583.26 142.95
1585.22 144.01
1588.56 143.35
1787.07 143.82
1791.06 144.26
1793.07 144.10
1869.37 144.20
1872.43 143.96
1873.39 145.11
1876.38 144.27
2044.98 143.59
2047.26 143.58
2048.85 145.19
2109.35 144.05
2112.93 145.00
2114.59 143.42
2115.79 143.45
2325.04 144.76
2328.49 145.10
2330.95 143.40
2331.08 144.39
2443.62 142.81
2446.95 143.28
2448.01 145.14
2486.11 144.84
2488.89 143.44
2490.74 143.94
2492.59 144.44
150.42 145.31
151.90 146.75
153.94 145.92
208.54 144.95
210.74 144.99
211.90 145.32
213.05 146.04
259.53 145.75
261.09 147.12
264.10 146.15
265.42 146.91
365.67 145.42
366.95 145.73
370.83 145.20
434.04 145.79
436.25 146.83
438.21 144.95
534.74 145.46
536.85 145.15
539.12 147.13
598.10 146.55
599.36 145.37
602.41 145.35
603.11 146.45
667.90 146.46
670.14 145.78
671.36 147.01
910.73 145.32
911.31 146.11
913.79 146.29
962.77 146.44
963.80 145.35
965.42 145.66
968.00 145.87
1016.89 146.44
1021.07 144.86
1021.82 145.89
1024.64 146.35
1075.76 146.30
1077.95 145.14
1079.65 145.14
1082.36 145.61
1228.03 146.99
1229.30 145.35
1231.34 145.86
1274.64 145.68
1276.03 146.30
1278.85 144.91
1279.68 146.06
1581.72 145.48
1583.21 146.65
1584.93 146.81
1587.92 145.56
1788.59 146.20
1788.94 145.19
1792.17 144.99
1871.12 145.20
1872.87 144.95
1873.99 145.57
1877.16 145.96
2044.13 146.27
2046.26 146.16
2048.52 146.03
2050.11 145.86
2107.74 145.64
2108.91 146.30
2112.96 146.68
2115.07 145.15
2327.11 145.08
2327.63 147.20
2330.29 146.32
2332.38 146.44
2445.03 145.43
2445.68 147.00
2447.68 145.15
2485.26 146.18
2488.75 146.70
2490.47 144.93
148.42 147.22
150.62 148.42
152.54 147.44
153.06 147.72
207.24 147.38
208.87 147.03
211.74 147.45
214.36 148.38
258.66 148.35
260.56 147.83
262.26 149.07
263.10 148.86
365.94 147.26
366.96 147.17
370.42 146.95
434.79 147.86
436.15 147.06
439.20 147.54
439.48 147.25
534.93 147.16
535.89 147.73
537.73 147.58
598.40 148.01
600.26 148.98
601.05 147.63
665.75 149.18
669.01 148.42
668.87 149.11
672.45 148.25
908.48 149.03
909.17 147.12
911.62 148.40
913.88 148.15
962.87 148.23
964.09 147.47
965.64 147.38
1017.07 147.14
1019.41 147.16
1022.05 147.14
1024.30 146.84
1076.68 148.83
1079.19 148.50
1080.75 147.87
1225.42 147.36
1226.96 148.20
1230.60 148.23
1232.09 148.18
1275.20 149.12
1275.99 147.78
1276.95 147.05
1581.46 148.52
1582.89 148.56
1584.98 147.91
1786.08 147.54
1786.91 147.34
1791.03 147.34
1791.81 147.83
1868.92 146.94
1872.88 149.13
1872.87 147.84
2043.27 146.85
2047.01 147.85
2047.49 147.08
2107.23 148.48
2110.58 147.61
2111.94 148.56
2112.85 147.37
2327.02 148.10
2328.68 148.60
2331.00 148.43
2442.58 148.61
2445.18 148.20
2445.31 148.10
2448.29 147.79
2485.10 148.69
2488.69 147.52
2488.90 147.69
148.81 150.65
151.01 149.17
152.60 150.16
207.03 150.33
207.86 149.35
209.03 150.04
212.96 148.80
254.80 149.47
257.34 148.89
259.16 149.96
261.78 150.59
364.69 149.53
365.12 149.53
368.08 149.78
370.93 149.36
434.56 149.06
436.99 148.98
437.78 151.18
441.05 150.36
531.24 150.31
534.05 151.13
536.44 149.61
598.54 150.41
599.59 151.15
601.94 149.05
665.12 150.57
667.71 149.55
669.07 151.20
908.72 151.03
909.13 150.89
911.62 151.13
962.23 150.26
964.75 150.59
964.98 149.11
1016.07 150.27
1018.35 151.15
1020.11 150.82
1021.65 150.93
1024.57 150.32
1074.84 151.10
1077.14 150.26
1077.43 149.31
1079.74 149.60
1225.54 151.17
1228.28 149.64
1229.50 150.55
1271.50 149.52
1273.13 150.78
1275.28 149.29
1277.38 150.01
1582.46 150.80
1585.02 149.99
1587.01 148.87
1786.84 150.77
1788.17 150.69
1789.85 149.10
1868.23 149.44
1870.21 148.85
1872.31 149.06
1875.13 150.63
2043.38 150.43
2046.84 150.79
2048.07 148.89
2105.94 150.99
2108.94 149.28
2110.38 150.41
2111.86 150.24
2324.34 149.15
2325.71 150.57
2329.00 149.78
2329.72 149.84
2442.85 151.08
2444.83 148.95
2446.84 150.97
2485.29 149.09
2488.51 148.96
2489.52 150.61
147.29 153.09
149.54 153.10
151.25 151.58
205.06 151.36
208.12 152.19
209.33 152.12
210.83 151.18
254.35 152.79
255.24 151.80
259.16 151.56
259.32 151.00
363.53 151.94
365.56 151.88
367.79 152.10
436.21 151.07
437.68 151.02
440.20 153.12
442.93 151.30
528.88 152.61
531.85 151.75
534.52 153.17
535.71 153.08
596.22 151.88
597.35 151.74
598.83 151.80
601.64 151.05
666.14 151.02
667.33 151.58
670.12 153.09
907.03 152.94
910.93 153.04
911.78 151.77
961.15 151.92
963.90 151.68
965.53 152.74
1015.62 152.98
1018.83 151.51
1020.37 151.37
1021.98 153.02
1074.41 152.86
1075.36 153.08
1078.90 152.95
1226.94 152.54
1227.61 151.36
1230.93 153.09
1273.11 151.53
1273.32 152.95
1275.57 152.68
1277.35 150.86
1579.93 152.73
1583.13 153.07
1584.72 151.03
1584.92 151.39
1786.26 151.68
1787.34 150.95
1790.52 150.82
1867.27 152.11
1869.17 152.25
1871.15 152.11
1873.05 151.86
2042.39 152.69
2043.48 152.00
2045.86 150.87
2047.56 151.53
2104.75 152.44
2105.94 151.12
2106.82 152.36
2110.52 151.72
2324.76 151.70
2326.00 151.43
2326.84 150.89
2330.03 151.73
2441.50 151.42
2443.65 152.29
2445.25 152.77
2487.02 152.40
2489.06 153.17
2489.60 152.67
146.86 154.56
147.48 154.21
149.97 153.67
153.10 153.97
205.16 153.01
206.10 153.73
208.12 154.60
209.43 154.77
250.68 153.98
252.74 153.40
254.73 153.46
256.62 153.48
258.99 154.99
364.81 153.88
365.02 154.42
366.90 154.13
437.80 153.25
438.88 152.83
441.34 154.05
444.62 154.20
447.15 154.69
529.14 154.46
529.28 153.36
532.13 153.23
532.81 153.05
595.96 153.27
598.91 154.94
598.88 155.11
615.18 153.45
617.03 153.77
620.12 155.06
622.90 153.24
624.10 154.13
626.14 153.25
628.30 153.17
664.75 153.96
665.84 153.02
667.83 153.31
670.61 153.78
906.90 154.29
907.64 153.83
910.04 154.71
911.81 153.81
960.91 154.53
960.92 153.20
962.84 155.05
965.30 155.17
1014.92 153.73
1017.40 155.07
1019.73 153.80
1020.95 154.36
1073.98 153.21
1075.43 154.90
1076.95 152.81
1110.56 154.02
1113.07 153.08
1224.65 154.29
1226.66 153.37
1227.96 153.59
1230.80 154.49
1271.95 153.82
1274.18 154.53
1277.01 154.99
1579.89 153.38
1581.88 153.45
1583.66 153.61
1586.15 153.61
1784.40 154.50
1786.93 153.85
1787.91 153.65
1791.10 154.26
1867.92 153.05
1869.28 153.50
1872.76 155.09
2040.97 153.90
2043.64 154.90
2046.80 154.75
2047.69 154.87
2100.94 155.17
2104.33 153.22
2105.24 154.78
2107.80 154.57
2323.27 153.43
2326.13 154.54
2327.37 152.88
2442.86 153.16
2444.62 152.87
2446.80 155.10
2484.84 154.22
2488.47 154.56
2490.32 153.84
146.72 156.87
149.15 155.82
149.26 154.93
205.15 156.75
206.90 156.48
207.91 157.07
247.69 154.85
249.90 155.02
252.21 155.11
254.20 155.55
255.43 156.13
362.46 155.75
364.70 155.47
366.86 156.29
368.30 156.34
440.15 154.95
441.81 155.68
443.08 156.61
445.46 154.99
448.82 155.92
449.56 156.41
525.23 155.44
528.81 155.08
530.45 156.51
531.52 157.18
595.20 156.18
598.05 155.50
600.73 155.99
604.82 156.65
609.09 155.06
610.62 155.95
611.80 156.58
613.94 156.53
617.03 157.03
617.59 156.80
619.72 157.20
622.33 156.89
624.74 156.49
626.71 156.90
627.52 156.76
630.99 156.50
632.60 156.58
633.39 155.80
635.88 156.72
638.90 156.31
663.23 156.06
666.67 156.23
669.06 154.89
905.96 157.09
908.24 155.52
911.20 156.50
960.25 156.62
961.23 155.19
963.21 157.13
1014.12 156.32
1016.72 155.76
1018.61 156.69
1020.11 155.17
1022.81 156.34
1071.61 156.59
1073.76 156.62
1075.41 155.59
1078.62 155.04
1105.81 155.18
1107.73 157.18
1111.00 155.44
1112.09 155.41
1115.19 155.89
1114.87 156.59
1224.81 155.78
1225.93 155.17
1228.66 156.28
1270.72 156.87
1270.92 157.09
1273.86 155.42
1275.54 155.83
1580.58 155.79
1582.35 157.13
1584.18 157.11
1784.20 156.03
1786.35 155.68
1787.19 157.17
1866.16 155.24
1867.86 155.47
1869.79 157.09
1872.64 156.53
2041.63 154.99
2042.91 156.37
2046.77 155.76
2100.49 156.87
2100.92 156.02
2104.97 154.88
2105.86 156.71
2107.53 154.81
2321.42 156.59
2324.02 155.29
2325.24 155.35
2328.99 156.62
2439.65 155.66
2441.46 156.07
2444.15 154.91
2485.16 155.04
2488.02 155.25
2489.67 155.87
2492.21 156.09
146.36 157.26
148.84 157.96
150.95 157.50
201.59 157.68
204.35 157.91
206.80 158.31
208.77 158.48
246.67 158.71
247.43 157.40
250.36 157.22
252.83 158.04
254.63 157.64
361.50 157.54
362.81 156.99
367.11 158.69
440.95 158.43
443.74 157.18
446.51 157.08
448.76 158.25
450.75 157.04
452.34 157.21
454.91 157.98
455.89 157.28
457.19 157.98
458.81 159.20
460.94 158.84
464.76 157.33
465.99 157.38
467.73 157.65
469.11 156.84
472.81 157.64
474.95 157.59
521.44 157.21
523.72 157.11
526.28 157.69
528.62 157.94
531.08 158.16
594.40 158.39
596.80 158.81
597.56 158.97
599.24 158.70
601.28 157.90
604.12 157.03
606.54 159.01
608.83 157.58
609.65 158.18
611.41 157.26
613.15 157.73
617.17 157.27
618.41 158.65
619.26 158.46
620.92 159.05
623.65 158.61
626.45 157.15
629.09 158.57
629.43 158.59
632.86 159.18
634.81 158.97
634.84 157.89
638.22 157.07
640.82 157.67
642.82 157.68
665.03 158.46
665.29 157.77
667.57 158.11
904.81 158.27
908.36 157.41
909.63 157.10
959.90 157.01
960.94 157.53
964.29 157.38
1014.06 158.19
1016.66 157.24
1019.11 157.58
1019.15 157.30
1070.93 157.55
1074.68 158.36
1075.75 158.37
1104.60 158.10
1107.10 158.81
1107.74 157.67
1109.68 158.72
1111.20 158.55
1114.86 158.35
1116.21 158.21
1118.69 157.42
1224.60 157.89
1225.94 157.71
1227.53 157.03
1270.06 157.77
1273.20 157.76
1274.72 159.16
1275.13 158.00
1579.79 158.69
1582.80 158.50
1583.19 157.01
1784.89 157.02
1784.96 159.19
1787.71 158.22
1866.97 159.15
1869.07 156.97
1870.18 158.67
1872.32 158.75
2039.03 157.45
2042.22 158.49
2044.45 157.73
2047.16 157.39
2095.93 157.26
2098.78 158.10
2099.28 158.84
2102.41 158.30
2103.69 158.94
2322.59 157.65
2323.98 159.03
2326.49 158.28
2327.72 158.81
2439.94 158.44
2441.27 157.77
2444.25 157.25
2489.06 157.02
2489.64 159.09
2493.19 158.59
2493.96 157.73
120.58 160.51
122.18 158.86
124.44 160.52
126.78 159.75
128.72 159.00
129.25 159.79
132.06 160.84
134.45 160.97
135.51 159.91
138.70 159.32
140.68 160.25
141.01 159.94
143.23 160.50
145.15 159.16
147.42 160.80
150.39 161.01
153.17 160.68
153.16 160.10
154.81 159.11
159.15 159.95
159.39 159.35
161.31 159.17
163.46 159.07
165.01 160.91
167.65 161.09
170.36 161.03
201.99 159.19
203.25 160.01
205.27 158.87
242.89 159.20
245.21 159.65
247.88 159.78
249.39 160.06
252.38 159.31
281.41 159.50
284.74 160.34
362.56 160.66
362.80 160.65
365.73 159.41
446.91 160.44
446.97 160.52
450.89 160.54
452.58 159.53
453.86 159.67
455.60 160.94
457.16 160.30
459.81 158.84
461.16 159.84
465.12 160.12
465.42 159.29
466.87 160.19
468.81 160.44
472.80 159.37
474.28 160.64
516.29 159.56
517.74 159.40
520.49 159.29
521.07 159.83
525.20 159.21
525.71 159.40
528.08 159.95
593.88 161.03
595.95 160.12
598.37 158.84
600.67 159.72
602.51 159.07
604.90 159.69
607.18 160.56
608.00 160.30
608.93 160.37
613.11 160.84
615.19 159.12
627.63 159.20
630.05 158.85
632.46 159.94
633.61 159.96
635.62 160.84
638.94 160.00
640.44 160.97
642.42 159.73
644.55 159.03
661.97 159.01
663.91 160.09
665.47 160.69
667.45 160.12
904.69 160.26
906.53 161.06
907.89 159.57
908.94 160.63
957.10 159.32
960.90 159.84
961.34 160.65
963.85 159.90
1012.56 160.59
1014.56 158.99
1015.61 159.19
1018.02 160.12
1019.92 160.10
1069.32 161.04
1072.83 159.33
1073.57 159.98
1075.93 159.29
1103.85 158.96
1105.69 159.68
1113.49 160.32
1116.51 159.33
1118.34 160.75
1220.88 160.24
1224.50 160.71
1226.68 161.02
1228.61 159.65
1271.15 160.89
1271.63 159.44
1274.90 159.16
1578.80 159.20
1580.50 160.60
1582.88 161.03
1585.08 161.12
1781.10 161.00
1783.41 160.22
1785.62 159.24
1788.12 160.26
1866.35 158.91
1867.96 161.04
1869.15 160.41
2039.93 161.16
2041.94 160.02
2043.41 159.71
2047.07 160.15
2093.67 159.57
2094.95 159.03
2099.08 158.91
2100.78 159.34
2101.09 159.69
2322.07 158.98
2324.32 158.98
2326.22 159.92
2372.91 159.28
2373.72 160.14
2376.81 160.65
2378.78 159.62
2441.00 160.29
2443.19 160.42
2443.25 160.83
2490.36 160.54
2493.02 159.99
2494.60 159.86
2497.13 160.58
2497.80 160.34
2501.13 160.35
120.55 162.20
121.57 162.99
124.69 160.95
126.33 161.23
128.94 161.83
129.04 162.38
130.90 160.91
134.74 162.11
135.50 162.92
138.58 162.68
140.36 162.62
143.14 162.68
144.96 162.98
146.54 161.04
147.30 160.89
149.15 162.88
151.69 161.78
154.31 161.57
156.51 162.95
157.30 162.77
161.16 161.85
162.39 161.80
164.72 160.94
166.08 161.44
167.68 161.79
169.16 163.06
199.40 162.97
202.77 161.90
205.07 163.18
205.10 162.24
241.07 161.06
245.15 160.83
245.12 162.90
247.44 162.34
250.51 162.35
279.23 161.77
281.05 161.77
282.90 162.64
360.18 162.96
361.48 161.22
364.39 162.67
365.65 162.52
439.10 163.03
440.14 161.57
442.21 161.59
443.22 163.11
446.84 162.42
448.82 161.74
450.57 163.04
451.22 161.04
454.29 162.64
456.70 162.67
457.73 163.09
459.20 161.20
461.36 162.60
463.69 161.37
464.98 162.30
468.42 162.54
469.12 160.97
472.10 162.91
474.91 162.36
511.76 162.98
513.92 161.24
516.78 161.79
516.88 162.36
519.80 162.95
521.36 161.37
523.10 162.94
594.14 162.78
596.64 161.16
599.03 161.28
599.98 161.03
601.86 161.73
603.32 161.46
606.22 161.70
637.71 162.68
639.99 161.59
641.94 161.41
645.02 162.48
645.73 161.62
647.29 161.04
661.24 163.07
663.18 161.02
666.38 160.81
903.05 163.14
904.83 161.18
908.18 162.02
958.96 161.25
960.41 161.88
961.92 161.50
1011.11 161.01
1013.78 161.71
1018.45 162.47
1020.14 163.09
1069.40 162.48
1071.17 161.59
1073.95 162.68
1103.16 161.61
1104.21 162.17
1106.20 162.23
1114.98 162.50
1119.16 161.38
1222.22 162.86
1224.51 162.74
1226.06 161.82
1267.11 161.54
1270.50 162.06
1272.20 163.07
1273.86 162.90
1577.29 161.00
1580.60 161.16
1581.78 162.02
1782.58 162.77
1784.10 163.10
1785.82 162.52
1864.27 161.59
1865.32 160.91
1867.65 162.61
1870.73 162.34
2040.07 161.64
2040.94 162.32
2044.64 161.31
2089.88 160.92
2092.14 162.99
2093.32 163.19
2096.11 162.98
2097.57 162.57
2099.60 161.04
2320.97 162.53
2321.99 161.58
2323.06 162.64
2325.27 162.11
2372.79 161.96
2374.28 162.71
2375.64 161.82
2377.00 160.91
2437.53 163.09
2438.90 161.13
2441.55 163.08
2495.03 160.80
2495.20 162.52
2498.55 161.25
2498.91 162.75
2501.47 162.26
50.15 163.07
51.57 162.83
53.76 164.06
57.05 164.27
58.89 163.08
60.20 163.59
62.70 163.38
64.26 164.72
66.79 163.54
67.76 163.77
71.14 164.86
70.98 163.03
73.16 163.30
74.82 163.04
76.91 164.22
79.97 163.12
82.06 163.75
84.12 163.16
85.85 163.73
89.19 163.34
90.61 164.64
91.91 163.28
93.62 165.13
96.49 163.41
98.58 164.40
99.38 163.81
103.12 164.86
103.28 164.58
104.81 164.95
107.81 163.37
108.97 164.04
111.52 164.18
114.32 163.75
116.00 164.43
116.80 164.81
118.88 162.99
121.92 164.30
124.61 163.47
126.52 164.79
128.25 164.82
128.99 163.17
132.06 163.50
133.41 163.29
135.48 164.38
138.61 163.83
141.09 163.83
142.03 163.14
143.88 163.20
146.36 164.47
147.56 163.36
150.32 164.43
152.33 164.41
153.60 163.90
155.22 162.98
157.03 163.59
158.97 163.05
162.51 164.59
164.85 164.21
166.26 164.39
167.78 162.80
170.43 164.33
173.03 163.85
173.28 163.58
174.84 164.45
177.80 163.34
180.05 163.48
181.25 164.68
183.77 162.90
185.06 164.07
188.47 164.87
191.07 163.12
192.77 162.98
195.10 164.54
196.22 163.27
198.85 165.18
199.04 163.39
201.45 164.45
204.69 164.17
206.31 163.14
207.47 164.53
208.82 164.88
211.99 163.88
214.01 164.26
214.98 165.18
217.84 164.87
219.69 163.69
221.77 163.98
224.33 164.37
225.46 163.04
228.93 163.37
230.55 164.55
231.35 165.07
232.87 163.86
237.08 164.06
238.50 163.77
241.19 164.89
243.15 162.90
244.13 163.18
247.01 162.96
246.93 163.39
249.15 165.00
251.22 164.54
254.60 163.55
255.13 163.58
257.64 163.52
258.93 165.10
262.84 164.78
264.73 163.64
267.17 162.94
267.19 164.68
269.40 164.20
271.39 162.90
273.74 163.62
275.23 164.53
277.04 163.38
278.85 163.71
281.15 163.24
283.74 165.01
286.58 163.75
287.55 164.21
289.75 164.57
292.60 162.88
293.99 163.25
296.88 163.73
297.35 162.84
299.40 163.75
302.96 163.92
304.77 163.42
306.68 163.20
308.02 163.63
310.34 163.36
312.78 165.13
314.66 164.91
315.64 164.88
318.56 163.11
319.17 163.86
321.42 164.33
324.46 165.01
326.73 164.86
328.22 163.60
331.01 165.12
331.76 164.24
333.67 162.98
336.76 165.02
337.12 163.06
339.24 163.95
341.75 164.49
343.99 163.91
346.67 164.64
346.90 164.91
349.47 164.90
352.85 164.41
354.85 162.94
357.12 164.63
358.94 163.20
359.65 164.75
362.91 164.42
363.48 164.32
365.77 165.04
367.78 164.00
369.20 163.17
372.19 163.73
375.07 163.91
375.44 162.94
378.06 164.35
379.40 163.14
380.97 163.05
383.76 164.20
386.63 164.26
388.63 162.97
390.29 165.16
391.29 163.73
393.18 163.80
396.86 164.18
398.82 164.37
399.19 165.07
402.54 163.23
403.98 163.10
405.66 163.74
407.73 163.18
409.31 163.26
412.13 163.40
415.04 164.83
415.67 164.15
418.92 163.20
419.66 162.97
422.17 162.99
423.97 164.93
425.92 165.18
428.56 163.01
430.85 164.71
431.63 164.33
433.32 162.88
436.65 164.00
439.19 163.73
439.97 164.60
442.55 162.89
443.43 163.39
445.51 163.81
447.86 165.04
450.58 163.53
451.52 163.05
454.32 163.55
455.84 163.81
457.12 163.25
459.32 163.37
463.04 163.13
463.83 163.47
465.78 164.52
468.12 165.17
470.62 163.06
473.16 162.80
474.23 164.09
475.13 164.48
477.37 163.78
480.56 165.10
482.78 164.91
484.04 163.35
486.73 163.91
487.26 163.48
489.03 163.20
494.89 163.31
495.97 163.68
497.79 164.84
501.11 163.17
502.74 163.61
505.17 165.06
507.13 164.64
507.94 164.77
511.03 164.55
512.14 164.66
513.99 164.09
515.70 163.33
519.17 164.30
521.00 163.79
521.86 163.95
525.11 164.66
526.28 164.82
527.07 163.06
529.52 164.31
532.61 164.46
535.13 164.43
536.76 164.68
538.33 164.37
540.40 165.17
541.22 164.80
543.30 163.20
545.48 162.93
547.67 165.07
550.24 163.44
552.70 165.10
552.99 164.71
555.81 164.47
558.33 164.39
560.36 164.77
561.87 164.54
564.74 164.55
565.11 164.29
568.93 164.98
571.09 163.77
572.65 163.60
573.74 164.83
575.90 165.10
577.98 163.14
580.69 163.07
582.77 165.18
584.25 163.32
586.19 164.65
589.11 164.97
590.64 164.46
592.48 162.86
594.24 164.43
595.42 163.40
597.77 163.65
600.64 163.35
600.82 163.69
603.53 163.22
604.98 163.68
608.02 164.36
610.49 164.53
611.54 164.02
615.10 163.09
616.04 164.46
617.92 164.67
619.20 163.60
623.00 164.20
623.27 164.95
625.99 163.79
628.06 163.99
630.42 163.81
631.20 162.89
634.34 164.35
634.86 165.14
639.15 164.26
639.78 164.14
641.48 163.27
643.07 163.55
646.47 163.53
649.00 163.26
650.76 163.66
652.47 163.24
654.26 163.73
655.36 164.57
657.90 164.36
658.93 163.07
663.13 163.01
663.22 163.65
665.25 163.59
668.64 163.94
670.88 164.78
672.03 163.88
673.36 164.29
676.07 164.44
678.51 163.82
680.71 163.75
680.86 164.99
683.31 164.47
685.82 163.64
688.47 163.25
689.21 164.29
692.60 165.18
693.37 164.98
696.33 164.35
697.94 163.30
699.45 163.23
701.48 164.15
702.81 163.10
706.95 163.65
708.05 163.95
708.98 164.32
711.44 162.93
713.91 162.85
716.42 163.51
717.52 164.99
720.94 164.70
721.97 163.29
724.20 162.98
725.06 164.24
727.91 163.89
730.52 162.93
730.92 162.84
734.38 163.75
736.45 163.98
738.14 164.26
740.38 163.95
742.38 163.47
745.03 164.46
747.02 164.96
748.57 164.44
750.19 163.06
751.61 164.02
754.84 164.18
757.00 164.11
759.18 164.09
761.00 165.15
762.74 164.95
764.56 163.62
765.97 162.91
768.76 163.58
770.78 162.92
771.18 164.12
774.43 163.79
776.78 163.02
777.09 162.86
779.98 162.99
782.29 164.98
783.45 163.04
786.07 163.66
788.38 164.15
788.83 163.33
792.29 163.08
794.36 164.79
795.91 163.75
796.92 164.63
800.28 164.11
802.96 164.89
803.12 165.09
806.62 163.66
807.77 163.47
809.40 163.35
812.23 164.10
814.31 163.91
816.01 163.28
817.03 165.15
819.73 163.47
822.36 164.50
823.07 163.07
825.02 162.98
828.81 164.71
831.02 163.55
832.36 162.88
834.89 164.77
835.50 165.19
839.13 163.22
841.99 163.01
843.27 163.76
845.32 164.67
847.16 164.75
850.91 163.02
851.98 163.81
853.09 164.56
856.96 163.94
858.04 163.15
860.01 163.91
861.02 164.32
865.03 163.50
865.25 164.16
866.80 164.66
869.85 164.95
870.81 163.57
874.80 164.89
875.32 163.96
877.27 163.06
880.52 164.67
882.82 165.11
883.86 163.01
885.51 164.83
887.78 163.09
889.25 164.89
891.79 163.21
892.82 162.87
896.19 163.82
899.14 164.36
901.14 163.23
902.42 162.98
904.43 163.10
905.28 165.03
907.54 164.93
909.69 164.67
913.00 165.03
913.86 163.64
914.92 163.41
918.71 165.08
921.03 162.81
922.33 163.50
923.82 163.20
926.35 164.10
928.49 163.22
930.46 164.50
931.19 164.55
933.39 163.58
935.15 164.70
938.97 163.45
939.68 163.15
943.17 164.19
942.99 163.87
945.16 164.31
948.36 164.80
950.75 163.90
953.03 163.70
954.38 162.82
956.29 163.09
958.21 163.28
960.96 163.87
960.94 164.17
963.63 164.70
966.15 163.45
968.13 164.47
969.16 162.84
971.98 163.74
974.04 164.66
976.61 163.98
976.97 163.06
979.01 164.28
982.46 164.94
983.69 164.79
986.18 165.07
987.33 163.16
991.15 163.17
993.18 165.17
995.14 163.85
996.43 163.21
996.92 163.17
998.93 164.33
1002.26 165.04
1004.99 164.52
1006.96 163.49
1008.82 163.66
1010.49 164.37
1011.06 164.60
1013.33 164.45
1016.62 164.06
1017.27 164.16
1021.19 164.91
1022.31 164.96
1024.87 164.00
1025.09 165.06
1026.94 164.60
1031.04 164.48
1032.82 163.44
1033.27 164.44
1035.48 163.39
1037.21 163.86
1040.01 164.06
1041.20 163.99
1044.58 164.58
1046.81 165.08
1048.15 164.02
1049.84 163.98
1051.28 164.75
1053.85 163.35
1056.99 163.58
1058.22 164.52
1058.99 164.00
1062.31 164.96
1062.83 165.00
1064.88 164.74
1068.12 164.18
1070.49 162.95
1071.65 164.76
1075.14 164.85
1076.43 164.70
1077.11 164.35
1079.28 164.31
1082.82 163.63
1083.37 162.91
1085.09 164.89
1087.19 163.55
1089.29 164.11
1092.25 162.90
1093.31 162.85
1096.42 164.36
1097.56 162.89
1100.49 164.39
1100.94 165.20
1104.05 164.18
1106.76 164.99
1108.50 162.91
1111.03 163.44
1112.49 164.16
1115.19 164.13
1114.98 164.52
1117.28 164.07
1119.50 164.10
1121.03 163.83
1124.52 163.17
1125.45 163.17
1128.10 164.05
1129.57 163.87
1132.87 163.21
1134.40 164.16
1135.73 163.77
1138.47 163.63
1139.12 163.47
1141.04 164.09
1144.45 163.67
1146.47 163.28
1147.38 164.63
1150.64 163.63
1150.99 164.30
1153.46 163.97
1154.92 163.98
1156.91 163.36
1159.44 164.72
1163.02 164.85
1163.01 163.07
1165.40 164.70
1167.22 165.16
1169.02 163.36
1171.24 162.87
1173.88 163.76
1176.45 163.29
1178.08 164.22
1179.82 163.15
1181.16 164.29
1183.96 163.37
1186.30 163.10
1188.64 165.18
1189.25 164.29
1191.71 163.14
1195.10 163.22
1195.86 164.78
1197.41 163.59
1200.53 164.32
1200.98 163.22
1202.83 165.13
1206.54 163.35
1206.96 165.05
1210.08 162.93
1212.41 162.93
1215.14 164.49
1216.65 164.16
1217.22 163.81
1220.66 164.36
1222.86 163.03
1224.57 164.96
1226.90 162.94
1227.39 165.05
1229.70 162.98
1231.96 163.92
1234.41 163.83
1236.87 163.29
1237.38 164.68
1240.38 164.98
1241.60 162.96
1242.85 163.27
1246.84 163.75
1248.55 164.87
1249.36 164.86
1251.69 163.51
1254.38 163.01
1255.22 164.25
1258.80 163.10
1258.98 163.19
1261.60 164.01
1264.05 163.78
1264.85 163.52
1267.79 163.22
1270.18 165.14
1271.19 164.06
1273.19 163.52
1275.71 163.64
1278.40 163.10
1280.15 163.01
1280.93 163.58
1284.51 164.58
1285.18 164.74
1289.92 163.57
1291.26 164.65
1293.26 164.52
1296.50 163.99
1298.44 164.91
1301.06 163.79
1302.72 163.29
1304.78 163.09
1305.24 164.18
1307.24 163.94
1310.47 164.64
1310.99 162.95
1314.90 162.85
1315.00 164.58
1316.84 165.15
1319.33 162.97
1322.30 164.89
1323.81 162.95
1325.52 164.37
1327.85 162.91
1330.66 164.34
1332.03 164.32
1334.27 164.38
1335.94 164.83
1338.52 164.20
1339.75 164.53
1341.16 163.30
1345.15 163.60
1345.23 163.07
1348.77 162.88
1349.59 163.67
1352.86 164.09
1352.95 164.25
1355.71 164.03
1358.07 165.04
1360.12 163.59
1362.25 163.56
1364.07 163.14
1364.98 165.06
1368.04 163.31
1369.39 164.00
1372.94 164.56
1373.92 164.84
1376.21 163.37
1378.14 163.48
1379.94 164.88
1381.51 163.65
1384.04 164.82
1385.11 163.05
1387.60 163.29
1390.72 164.48
1391.21 163.45
1393.71 163.92
1396.26 164.41
1397.50 163.29
1399.88 163.46
1400.81 164.28
1404.54 164.45
1406.16 163.15
1408.40 163.71
1410.22 164.95
1413.03 165.00
1413.36 162.97
1416.19 165.19
1418.85 165.16
1420.54 163.33
1420.84 164.59
1423.01 163.80
1426.60 165.17
1427.30 164.45
1429.12 164.94
1431.39 163.60
1434.69 163.26
1436.06 164.30
1438.84 164.60
1439.36 163.69
1441.95 163.00
1445.04 163.42
1446.87 163.79
1447.45 165.08
1449.52 164.67
1451.54 164.17
1453.98 162.93
1456.14 164.79
1459.02 164.38
1460.46 163.44
1460.90 163.94
1463.17 165.19
1465.93 164.74
1467.12 163.51
1469.90 164.83
1472.49 163.35
1474.39 163.44
1475.80 165.15
1477.47 164.70
1482.01 164.00
1484.22 162.88
1485.01 165.20
1488.84 163.58
1490.80 165.06
1492.60 164.89
1494.63 164.40
1496.45 163.86
1498.97 164.73
1499.04 163.14
1501.66 163.52
1503.35 163.41
1506.47 162.95
1507.83 163.20
1508.87 163.58
1512.54 164.81
1514.83 164.18
1516.82 164.29
1517.98 165.17
1520.27 163.06
1523.16 163.41
1522.97 163.94
1525.49 163.00
1527.88 163.95
1529.60 165.07
1532.13 165.11
1533.99 165.07
1535.28 164.21
1538.17 164.91
1539.98 162.88
1541.49 164.50
1544.42 164.40
1545.68 162.96
1549.16 163.16
1549.00 163.20
1552.48 164.59
1553.02 164.61
1556.85 164.72
1556.95 163.64
1560.42 162.82
1560.88 164.05
1562.86 164.96
1565.30 164.15
1568.30 164.99
1569.26 164.00
1571.72 163.25
1574.68 164.04
1577.01 164.11
1577.91 165.13
1580.29 162.93
1581.61 164.44
1584.36 164.06
1585.87 164.06
1588.27 164.69
1590.34 163.46
1591.62 164.56
1593.94 164.01
1596.66 162.92
1597.05 162.90
1601.14 165.12
1601.87 163.10
1603.81 163.12
1605.37 164.44
1608.38 163.59
1609.67 164.23
1611.07 163.70
1615.69 164.69
1617.32 164.08
1620.56 164.22
1621.14 163.70
1624.04 165.17
1627.05 163.42
1627.31 164.56
1630.07 163.04
1632.36 164.81
1634.28 163.30
1636.73 163.25
1639.12 162.81
1640.62 163.24
1642.88 164.60
1642.97 163.60
1647.14 164.64
1647.39 164.38
1648.93 164.86
1651.97 162.81
1654.63 163.84
1656.96 162.96
1658.87 163.94
1660.64 164.89
1660.99 164.68
1664.88 163.26
1666.05 163.24
1667.94 163.76
1669.05 162.87
1672.62 163.89
1673.18 163.07
1675.69 164.14
1678.58 163.12
1680.70 164.23
1683.02 164.01
1683.90 163.25
1684.87 163.60
1687.46 164.86
1689.28 163.08
1692.13 164.09
1693.52 165.11
1695.35 164.31
1696.82 164.95
1700.47 164.09
1702.92 163.16
1703.49 163.39
1705.80 163.35
1707.24 164.32
1711.01 162.92
1712.08 162.90
1713.64 163.48
1715.43 164.77
1717.39 164.41
1720.13 162.84
1721.75 164.50
1722.90 164.92
1726.44 163.95
1727.30 164.34
1728.85 163.42
1731.39 164.30
1734.86 162.95
1734.89 163.57
1737.33 163.58
1739.67 164.36
1741.89 164.07
1743.88 163.07
1745.92 163.38
1748.63 164.41
1750.05 164.48
1751.94 164.41
1755.64 164.30
1758.29 163.24
1759.05 164.92
1762.78 164.87
1764.68 163.49
1765.29 163.25
1767.66 164.26
1770.91 164.89
1772.49 164.87
1774.73 163.70
1775.05 164.08
1777.77 162.98
1780.28 163.25
1781.98 164.07
1783.62 164.27
1786.97 163.38
1788.56 163.47
1790.68 165.03
1791.94 164.77
1795.08 164.82
1795.82 165.14
1797.57 164.69
1800.10 164.02
1801.77 163.24
1803.24 164.82
1806.55 164.94
1808.59 164.46
1810.90 165.03
1811.53 163.61
1815.15 163.82
1814.85 164.85
1819.10 164.05
1820.35 165.04
1822.45 163.43
1824.98 163.22
1825.12 164.05
1829.07 164.62
1830.89 164.82
1831.65 163.52
1832.84 164.41
1835.93 164.68
1838.70 163.59
1838.82 164.12
1841.46 164.51
1843.50 164.40
1847.05 163.18
1847.67 163.28
1850.82 165.06
1851.14 163.34
1854.59 164.38
1854.97 164.17
1858.11 163.28
1860.53 163.23
1863.13 163.69
1864.82 163.42
1867.05 162.91
1866.83 163.93
1870.54 165.01
1871.45 162.96
1873.94 162.87
1874.84 163.05
1878.55 162.81
1879.46 163.50
1881.42 163.42
1887.12 164.14
1888.88 163.96
1889.29 164.95
1891.84 164.62
1894.79 163.95
1895.57 164.74
1898.11 164.18
1900.30 165.14
1901.35 163.74
1904.30 164.40
1905.40 164.91
1907.43 164.43
1909.98 163.77
1912.83 163.65
1915.18 164.51
1915.04 163.95
1917.13 165.20
1919.83 164.53
1920.92 163.51
1924.66 163.01
1925.23 164.80
1927.68 163.00
1928.99 164.79
1932.46 163.01
1934.62 164.85
1935.50 164.08
1937.42 163.41
1940.62 164.90
1941.15 163.84
1942.90 164.28
1946.46 163.59
1947.72 163.20
1950.25 163.56
1952.18 163.21
1953.99 163.89
1956.18 164.37
1958.01 163.60
1959.37 164.07
1961.58 163.80
1963.09 163.85
1965.82 162.86
1966.89 164.21
1970.20 164.73
1971.99 164.03
1974.81 162.97
1976.91 163.52
1978.86 163.70
1979.25 164.27
1981.39 165.17
1984.05 163.73
1985.64 164.13
1988.95 164.95
1990.33 163.37
1991.31 163.35
1994.89 165.18
1995.17 164.85
1998.37 162.93
1998.90 163.57
2001.29 163.53
2004.81 164.97
2005.00 163.71
2008.61 165.03
2010.91 163.71
2011.38 164.99
2013.07 165.12
2015.94 164.79
2018.48 164.49
2018.86 163.60
2020.91 163.35
2023.51 163.18
2027.09 164.00
2027.19 164.75
2030.38 164.62
2030.97 164.99
2035.01 163.74
2035.92 163.70
2037.66 163.07
2040.73 162.81
2041.51 163.82
2043.95 163.39
2047.03 163.94
2046.97 162.80
2050.82 164.69
2053.06 164.37
2053.60 164.29
2055.74 165.00
2058.71 163.20
2059.65 163.76
2062.47 165.16
2064.50 164.14
2066.16 164.54
2067.13 163.29
2069.09 163.24
2073.19 164.18
2075.16 165.02
2074.82 164.71
2078.51 164.89
2079.31 164.59
2082.56 163.30
2084.53 164.41
2085.41 163.22
2089.11 163.34
2089.61 164.58
2092.79 164.19
2093.40 164.51
2095.58 164.83
2098.78 163.02
2099.10 165.00
2103.03 164.23
2104.11 165.16
2105.73 164.51
2107.20 163.41
2110.49 164.67
2111.55 164.09
2115.16 164.31
2115.55 163.64
2118.41 163.21
2120.19 164.40
2121.03 163.32
2123.70 162.97
2124.97 164.59
2127.99 162.98
2130.45 164.74
2131.13 163.59
2133.21 164.11
2136.32 163.05
2137.92 164.48
2139.52 164.20
2143.00 163.01
2142.89 164.81
2145.65 163.59
2147.88 163.73
2151.09 163.32
2152.58 163.98
2153.99 163.22
2156.42 163.36
2156.86 163.20
2160.32 164.95
2161.22 162.96
2163.17 163.80
2164.82 162.95
2167.31 163.23
2169.54 163.41
2171.46 163.80
2173.25 164.82
2177.01 164.11
2179.59 163.73
2182.73 163.56
2183.28 163.09
2184.90 163.46
2186.96 163.48
2190.15 164.58
2191.46 163.63
2193.99 163.00
2195.42 165.09
2197.17 164.17
2199.91 163.42
2201.83 164.73
2203.44 164.90
2205.80 163.92
2207.91 164.35
2209.85 165.06
2212.12 163.13
2214.51 164.46
2216.87 163.26
2218.13 164.11
2220.01 163.43
2221.08 163.08
2224.33 164.50
2227.09 164.63
2228.61 163.87
2230.89 163.04
2232.99 163.22
2232.91 165.14
2235.44 164.89
2237.53 165.15
2239.32 163.01
2240.82 164.91
2243.40 163.08
2245.90 163.25
2247.67 164.80
2249.37 163.28
2252.85 165.06
2253.55 164.41
2255.09 163.64
2257.55 163.36
2259.89 163.00
2260.90 163.13
2263.90 164.33
2265.06 163.25
2267.15 164.41
2270.53 163.46
2270.88 162.96
2274.81 162.81
2276.95 164.12
2277.27 164.86
2279.31 164.84
2282.80 164.14
2285.11 164.40
2286.16 164.53
2287.90 164.21
2289.08 163.39
2292.00 163.79
2294.69 163.62
2296.51 164.86
2297.08 164.69
2300.86 164.54
2301.19 163.45
2304.99 163.15
2305.73 163.58
2308.53 163.43
2309.52 163.69
2311.03 164.15
2312.82 163.07
2316.82 163.63
2316.96 164.68
2319.70 164.19
2322.51 164.42
2323.32 164.04
2325.69 164.30
2327.16 164.25
2330.53 163.84
2332.44 164.14
2332.84 164.18
2336.00 164.95
2337.12 163.82
2341.52 164.71
2343.57 164.68
2346.98 163.79
2347.14 164.45
2350.21 164.76
2352.70 163.06
2354.02 163.38
2355.87 163.93
2358.45 163.08
2359.79 164.27
2362.75 162.82
2363.23 163.70
2365.81 163.19
2368.62 163.44
2370.16 164.87
2372.42 163.58
2374.77 164.00
2375.41 164.91
2376.85 164.36
2379.69 165.05
2381.32 164.88
2383.74 163.15
2385.07 163.07
2388.41 163.48
2390.69 163.17
2392.69 163.11
2394.55 162.98
2396.31 164.35
2398.43 163.99
2399.08 163.31
2403.07 164.81
2405.10 164.08
2406.00 164.99
2406.92 165.20
2409.51 164.94
2411.54 162.94
2414.92 163.00
2416.87 164.81
2419.06 164.07
2419.36 163.65
2422.65 164.63
2424.46 162.83
2425.35 164.68
2428.14 165.16
2429.40 162.95
2432.80 164.19
2435.05 164.20
2435.82 164.42
2437.51 165.03
2440.20 164.02
2443.01 163.91
2444.33 164.31
2445.02 165.15
2447.23 163.05
2449.18 165.17
2452.78 164.03
2454.85 164.69
2457.08 162.80
2459.09 164.10
2462.98 163.18
2464.16 163.39
2466.90 163.94
2467.18 165.06
2469.15 164.82
2472.66 163.20
2474.21 163.97
2475.53 162.99
2478.95 163.36
2480.99 163.57
2482.99 164.04
2483.86 163.94
2486.55 163.40
2488.00 163.38
2489.03 164.86
2490.94 164.70
2493.14 163.64
2496.05 163.00
2497.43 164.62
2501.20 164.23
2502.30 163.50
141.58 166.61
143.31 165.92
147.01 166.13
147.56 166.09
198.37 166.90
200.06 164.89
203.12 165.33
204.28 166.21
235.95 166.65
237.86 165.76
240.88 166.44
241.69 166.27
243.35 166.69
278.76 166.33
279.28 165.27
280.93 166.06
283.81 165.06
359.38 164.80
360.92 167.04
363.17 165.03
429.69 166.40
431.62 165.05
434.96 165.56
436.87 166.91
438.28 165.21
438.90 165.82
441.45 165.36
511.53 167.10
513.79 166.25
516.94 164.91
517.02 165.66
520.33 166.72
521.70 167.09
592.38 167.19
594.08 166.85
597.14 165.83
598.14 165.99
643.51 166.12
646.37 167.04
648.57 166.27
650.62 166.87
659.26 167.02
662.72 166.63
664.68 167.04
667.06 165.68
717.09 167.08
718.95 166.10
720.95 166.81
721.82 165.07
725.07 166.43
724.91 165.97
728.82 166.85
730.69 165.97
732.86 167.13
734.24 166.85
736.28 166.19
737.52 166.15
741.08 166.41
742.97 165.83
745.06 165.74
745.04 166.57
748.10 165.84
749.44 166.99
751.96 166.13
772.83 165.43
774.80 165.96
774.90 166.20
778.19 165.98
778.93 164.92
782.11 165.83
785.12 166.50
787.09 167.02
806.72 167.14
807.36 165.63
810.06 166.88
812.49 164.92
813.42 164.94
816.71 167.15
818.38 165.21
820.28 166.30
822.47 165.40
824.69 166.24
825.76 166.66
872.63 164.84
874.45 164.99
876.28 166.42
878.56 166.08
879.40 165.06
883.08 166.65
885.07 164.85
885.32 165.46
887.87 167.11
890.55 165.91
892.99 165.18
894.18 166.09
895.81 165.13
896.93 166.16
900.56 165.08
901.07 166.54
904.02 166.60
905.04 165.67
906.90 166.41
957.81 166.74
959.95 165.95
963.09 165.06
1008.89 166.48
1011.64 166.40
1015.00 164.96
1017.97 164.99
1067.12 166.32
1070.92 166.49
1071.79 164.97
1104.04 167.15
1107.20 165.44
1116.90 166.21
1118.01 165.15
1130.24 166.61
1131.45 165.31
1133.93 165.38
1135.56 167.12
1137.47 165.76
1139.62 166.70
1142.74 165.07
1144.20 166.30
1145.74 166.04
1182.90 165.67
1183.05 166.01
1186.60 166.82
1207.86 165.65
1209.23 165.59
1212.50 166.58
1214.92 165.52
1215.60 166.73
1218.12 166.44
1220.02 167.09
1221.30 165.85
1224.63 166.19
1227.00 165.42
1228.53 166.99
1229.96 166.66
1231.22 166.54
1233.10 166.16
1235.84 165.56
1237.77 166.11
1240.36 166.17
1241.21 166.32
1256.71 165.82
1258.55 164.93
1259.87 166.47
1261.32 165.68
1264.60 165.33
1265.53 167.20
1268.29 166.25
1271.09 166.67
1272.04 165.74
1273.45 165.46
1277.06 165.68
1278.48 164.80
1279.83 166.17
1281.16 166.20
1284.62 165.16
1285.73 166.60
1287.54 165.01
1290.25 165.45
1311.87 167.04
1313.37 165.64
1315.14 166.46
1336.89 166.84
1338.17 166.25
1339.43 167.16
1342.36 166.20
1344.10 166.67
1346.47 166.49
1349.10 165.83
1349.35 166.67
1352.81 166.33
1369.85 166.79
1372.11 164.89
1373.84 165.39
1375.02 166.32
1378.35 166.97
1380.61 166.55
1383.12 166.72
1382.99 166.17
1385.41 165.75
1386.91 165.60
1389.02 165.25
1435.26 166.35
1439.08 164.85
1439.30 165.73
1441.95 166.60
1444.56 166.11
1445.79 165.91
1448.00 165.40
1450.22 166.49
1451.95 166.62
1453.37 166.53
1456.08 166.34
1458.21 165.95
1458.88 166.79
1461.84 165.78
1463.02 165.19
1468.48 165.68
1468.97 166.88
1471.45 166.85
1575.11 166.46
1578.89 166.41
1578.87 167.07
1582.79 166.04
1643.04 165.54
1646.95 164.82
1648.17 165.64
1649.14 165.36
1652.18 167.18
1653.42 166.86
1655.22 165.18
1658.00 166.38
1659.19 166.77
1661.39 166.54
1662.89 166.98
1667.20 166.61
1667.34 166.19
1668.82 165.79
1699.72 166.86
1701.49 167.06
1704.51 165.30
1706.51 164.89
1707.27 166.45
1710.74 166.72
1711.68 167.06
1713.24 165.49
1716.23 166.61
1733.48 166.79
1737.00 166.59
1737.29 166.40
1739.29 166.19
1742.03 167.06
1742.83 166.71
1747.15 167.17
1747.01 167.09
1749.63 166.90
1767.75 167.08
1770.78 165.65
1772.34 167.15
1774.54 166.28
1776.72 165.29
1778.23 166.58
1778.93 164.85
1781.18 165.59
1784.15 165.70
1786.49 166.28
1788.31 165.67
1790.95 165.07
1793.03 166.82
1794.63 165.06
1797.15 166.61
1799.11 165.99
1799.22 166.61
1802.13 165.70
1852.68 165.49
1854.87 167.09
1856.52 164.83
1858.84 166.38
1859.60 165.07
1861.71 165.96
1863.65 165.39
1866.76 166.92
1868.21 167.01
1870.91 166.45
1871.87 166.27
1874.13 166.57
1875.81 165.36
1878.92 166.99
1881.12 166.47
1881.97 165.54
1884.47 166.64
1885.51 166.04
1913.50 166.26
1916.54 165.24
1916.86 167.19
1919.54 165.31
1921.43 166.27
1924.55 165.80
1925.88 164.84
1928.66 166.23
1929.68 166.32
1931.67 167.11
1933.61 165.45
1936.62 165.87
1937.24 166.62
1940.43 166.45
2039.03 164.94
2041.05 165.56
2042.50 166.47
2042.88 166.17
2080.83 165.77
2082.86 166.54
2082.96 164.85
2086.72 166.22
2088.96 164.89
2090.95 165.33
2091.83 165.07
2093.43 165.01
2134.03 166.36
2135.49 166.67
2139.20 165.30
2140.06 166.26
2140.81 166.23
2143.00 164.97
2145.62 166.43
2148.42 166.16
2149.12 166.50
2151.00 166.05
2153.85 166.65
2154.87 166.20
2159.12 166.29
2159.75 164.85
2200.13 166.32
2201.93 165.86
2204.52 165.27
2222.82 167.02
2226.87 165.40
2228.45 165.52
2229.49 166.14
2232.25 164.97
2234.50 166.23
2234.99 166.66
2238.97 165.44
2239.12 165.70
2256.92 165.40
2261.13 167.07
2261.29 165.08
2265.03 166.72
2266.52 166.29
2267.98 165.50
2269.45 166.13
2271.37 167.17
2274.24 165.49
2275.34 165.72
2277.93 165.71
2308.55 165.98
2309.11 165.86
2312.94 165.97
2313.27 165.26
2316.32 166.41
2319.04 166.71
2319.70 165.01
2322.15 165.18
2324.37 164.80
2324.97 165.43
2327.85 166.16
2330.47 166.18
2332.64 165.78
2334.69 165.03
2335.45 164.87
2337.02 165.65
2339.92 165.28
2341.50 165.37
2370.25 167.09
2371.87 165.14
2374.75 165.17
2376.62 165.71
2438.68 165.51
2439.53 166.32
2441.07 166.02
2484.94 166.93
2488.43 165.61
2489.54 166.66
2491.79 166.54
2494.84 165.79
2497.14 165.96
2498.32 165.75
2500.65 166.74
143.15 167.12
144.10 168.45
146.11 168.17
196.96 168.83
200.05 167.59
202.03 167.18
203.52 167.15
233.32 167.10
236.31 168.62
237.40 168.57
239.68 167.27
243.16 167.60
276.40 169.12
279.05 168.92
279.79 167.46
282.81 167.17
357.29 168.21
359.40 168.68
361.25 168.21
364.13 168.44
428.93 167.76
429.67 167.71
432.37 167.24
435.03 168.14
435.26 168.54
518.25 168.46
519.92 168.29
521.43 167.66
524.77 168.98
591.17 167.61
594.95 166.93
595.75 168.19
597.43 167.93
647.19 169.09
647.85 166.89
650.54 169.17
651.09 167.73
659.27 167.03
662.98 167.41
663.01 167.91
712.10 167.30
713.77 166.84
716.90 168.28
718.58 167.42
720.84 168.42
723.15 168.02
725.00 167.27
726.28 167.28
728.17 169.09
728.99 167.73
732.40 168.17
733.34 166.86
736.88 169.05
739.15 169.02
739.60 167.69
741.32 167.72
745.15 166.81
745.84 167.16
749.01 168.99
751.20 169.00
770.11 167.65
772.01 168.24
773.73 167.29
775.54 168.32
778.93 168.71
779.07 167.75
781.71 166.85
784.11 168.16
785.15 168.49
787.97 168.38
802.48 167.15
804.26 168.19
805.79 167.42
807.99 167.33
810.42 169.15
810.86 169.20
813.80 167.27
816.54 167.47
817.24 168.10
819.39 167.57
821.21 167.28
823.36 167.63
825.75 168.23
868.69 167.08
869.03 167.09
872.22 168.44
873.27 168.89
876.99 167.23
877.27 167.97
879.83 166.90
881.39 167.98
884.27 168.40
885.52 167.22
888.51 167.12
888.89 167.51
893.03 169.01
893.03 167.68
895.17 167.94
897.38 168.90
900.65 167.41
902.66 168.97
903.65 167.21
905.60 167.30
955.55 168.05
958.71 167.90
959.33 167.64
962.07 168.58
1007.19 167.98
1009.50 168.49
1011.05 167.72
1016.12 168.26
1018.37 167.81
1064.92 167.63
1066.86 167.79
1070.39 168.40
1071.12 168.95
1104.37 166.92
1105.91 167.55
1108.07 167.14
1114.66 168.93
1116.70 168.96
1118.72 169.05
1124.06 168.30
1126.98 168.93
1128.46 168.26
1129.10 168.28
1132.40 169.16
1135.00 166.89
1135.26 166.83
1136.93 166.83
1141.17 167.07
1141.28 168.39
1143.42 167.69
1146.22 166.94
1179.02 167.76
1181.06 168.41
1184.18 168.44
1186.98 167.74
1208.55 167.97
1210.82 167.41
1211.16 167.84
1214.27 167.34
1216.59 168.90
1216.96 168.48
1219.01 166.96
1222.00 167.94
1224.91 168.49
1226.55 166.94
1229.20 168.34
1230.86 167.66
1232.12 168.15
1234.92 168.36
1235.61 168.96
1236.97 168.87
1239.20 167.24
1241.05 168.19
1254.66 168.47
1256.77 167.31
1258.06 167.05
1259.82 166.88
1263.16 167.74
1263.43 168.21
1266.68 167.86
1268.76 168.05
1269.85 168.84
1272.37 168.05
1274.32 168.81
1274.84 167.41
1279.08 166.99
1279.64 167.74
1283.13 168.59
1283.48 167.97
1285.27 166.98
1287.91 168.29
1289.63 167.25
1310.66 169.15
1311.32 168.84
1313.90 168.61
1314.88 168.61
1334.36 167.16
1337.05 167.18
1338.06 167.48
1340.34 167.11
1341.74 168.59
1343.31 167.84
1346.45 167.01
1347.64 168.26
1348.91 167.60
1351.37 169.17
1368.19 166.85
1371.02 168.99
1372.93 168.96
1374.15 168.20
1376.59 167.35
1378.09 167.19
1379.38 167.28
1382.93 168.30
1384.55 167.62
1385.46 168.50
1388.75 167.54
1389.56 169.04
1391.36 166.98
1431.18 168.85
1433.89 168.95
1434.98 168.04
1437.86 168.64
1439.35 167.07
1441.12 168.76
1443.46 167.87
1446.03 168.47
1449.13 167.41
1451.15 167.10
1451.12 167.06
1453.29 166.84
1455.41 168.54
1458.62 168.50
1460.73 168.14
1463.05 168.91
1463.28 168.01
1466.50 168.42
1468.68 166.98
1470.45 167.53
1472.65 167.26
1575.97 168.61
1578.66 168.84
1579.75 166.89
1640.92 167.87
1645.14 167.43
1646.52 166.97
1647.82 169.12
1649.70 167.16
1652.39 168.19
1654.96 166.94
1656.55 167.45
1658.15 168.11
1659.73 168.92
1662.35 168.27
1665.07 167.39
1667.01 168.19
1668.44 168.24
1669.75 167.58
1671.25 167.79
1697.74 167.95
1700.40 167.80
1702.61 167.63
1705.16 167.38
1705.92 167.17
1710.00 168.60
1711.90 168.27
1713.21 168.23
1716.44 167.98
1732.21 167.83
1734.06 169.04
1736.31 168.30
1738.71 168.20
1739.41 168.66
1743.46 167.32
1745.45 168.10
1748.44 168.19
1750.52 167.70
1768.75 168.09
1770.25 168.86
1772.35 168.49
1774.21 168.43
1776.44 169.00
1778.32 168.05
1780.54 167.88
1782.95 167.16
1784.87 166.88
1786.83 167.03
1788.86 167.74
1789.08 167.14
1791.56 168.03
1793.22 168.95
1797.12 168.60
1798.63 167.00
1800.33 168.54
1801.47 168.96
1850.99 168.23
1851.70 167.62
1854.25 167.77
1856.12 166.88
1858.01 168.78
1860.15 167.80
1862.25 168.37
1863.26 168.61
1867.09 168.23
1866.83 166.90
1869.83 168.82
1871.45 168.65
1874.87 168.58
1875.59 167.32
1877.82 167.38
1880.32 168.89
1882.13 167.30
1882.87 167.55
1886.43 167.41
1908.90 168.00
1910.98 168.49
1914.38 167.46
1916.60 168.06
1916.87 167.72
1920.42 168.03
1921.69 167.61
1924.22 168.82
1926.80 167.29
1928.54 168.49
1929.88 167.15
1931.68 169.00
1934.64 167.20
1936.40 167.53
1938.50 167.63
1940.71 168.00
1942.14 167.25
2038.51 168.45
2040.04 167.26
2042.64 167.12
2072.79 168.86
2074.54 166.91
2076.81 168.98
2077.17 168.84
2079.74 168.63
2082.03 167.93
2083.72 168.95
2085.57 167.06
2089.12 167.08
2090.66 168.98
2132.16 166.88
2135.18 167.04
2136.32 167.91
2138.77 168.86
2139.32 168.27
2142.47 166.95
2144.71 169.03
2144.85 167.18
2148.20 167.23
2149.72 168.18
2152.56 166.92
2154.95 169.16
2156.95 166.83
2157.61 168.92
2160.95 167.34
2162.09 168.82
2164.14 168.80
2197.51 167.15
2200.77 167.75
2203.15 166.83
2204.24 168.99
2221.12 168.43
2224.29 166.93
2226.25 169.13
2227.60 167.69
2230.31 167.64
2231.21 167.40
2233.73 167.54
2235.75 166.95
2237.15 168.34
2239.63 167.48
2256.17 168.89
2258.13 167.82
2259.29 167.70
2263.17 167.34
2265.09 166.96
2265.05 167.67
2267.14 169.02
2271.03 167.96
2271.61 168.74
2273.21 168.62
2277.08 168.56
2278.20 168.40
2280.21 167.62
2304.91 168.77
2307.38 167.02
2309.84 168.78
2311.94 166.90
2314.65 166.98
2315.09 168.74
2318.48 167.71
2318.98 167.53
2322.46 166.83
2325.12 168.82
2325.18 168.36
2328.41 166.84
2330.19 168.31
2331.21 166.98
2333.94 168.91
2335.49 168.13
2338.38 167.64
2339.29 168.95
2341.71 167.46
2370.22 168.35
2371.34 167.27
2374.82 168.69
2436.92 168.91
2437.88 168.88
2440.39 167.59
2441.29 169.11
2484.53 167.96
2485.48 168.18
2487.21 169.06
2489.58 169.05
2492.22 168.73
142.93 168.91
144.78 169.54
146.02 169.49
198.88 169.09
199.08 169.37
201.54 170.99
230.95 170.83
232.95 169.05
235.46 169.19
237.18 169.51
241.13 169.47
275.83 169.56
278.52 170.53
280.18 170.00
283.15 170.89
356.92 169.60
359.64 169.38
362.40 170.95
425.72 168.96
427.37 170.27
429.61 169.60
431.76 170.53
435.11 169.66
518.92 170.84
522.66 169.09
524.89 170.33
526.14 170.66
588.92 169.20
592.02 170.98
592.94 168.93
595.69 169.18
648.36 169.35
650.39 168.83
651.29 169.45
658.98 171.10
662.81 170.30
663.24 169.89
679.50 170.02
683.06 169.12
710.39 169.31
713.01 170.43
714.87 169.62
716.65 170.17
718.44 170.06
740.82 169.56
740.85 168.87
743.67 170.58
746.53 170.33
747.17 170.70
750.23 171.02
767.18 169.17
770.90 169.53
771.90 170.31
774.15 169.58
781.32 171.18
784.88 170.52
786.67 170.27
786.86 169.26
800.57 170.20
801.79 169.82
803.65 171.15
805.43 171.01
808.01 170.48
821.77 170.96
824.37 169.81
825.38 170.89
826.80 170.42
866.94 170.64
868.94 170.95
870.61 170.78
871.94 169.46
873.48 171.18
896.85 170.95
897.47 171.16
898.88 170.88
901.78 170.21
903.05 169.06
906.72 170.07
954.81 170.56
958.97 171.08
959.97 170.11
1008.34 170.14
1008.87 168.93
1012.91 170.68
1016.43 170.76
1017.39 169.58
1065.59 170.09
1069.17 170.20
1070.45 169.08
1107.20 169.80
1107.35 170.81
1110.09 169.97
1111.24 169.29
1113.85 169.79
1114.83 170.23
1118.27 169.53
1119.24 170.23
1122.29 170.04
1124.08 170.56
1125.37 169.81
1128.24 169.84
1129.76 169.85
1132.88 169.62
1132.87 170.46
1135.25 169.87
1136.81 169.34
1140.76 169.09
1141.18 169.45
1144.79 168.96
1145.08 169.72
1149.03 169.38
1179.12 170.32
1182.99 169.81
1184.66 170.28
1208.65 170.27
1211.15 170.35
1211.88 169.42
1214.51 171.08
1216.49 169.29
1216.89 168.95
1220.58 169.43
1221.40 170.44
1223.93 170.45
1226.04 170.18
1227.69 169.87
1229.22 169.50
1231.51 170.51
1233.89 168.99
1236.78 169.75
1238.41 170.82
1240.42 169.34
1257.10 169.71
1258.79 170.10
1260.27 170.08
1261.05 171.06
1263.81 170.17
1265.41 170.62
1267.32 169.91
1271.07 170.71
1273.01 170.75
1274.80 171.19
1275.00 169.38
1278.65 169.59
1279.49 170.34
1281.50 169.17
1284.24 170.17
1284.90 169.87
1288.28 169.63
1309.15 170.23
1312.35 169.34
1313.78 169.86
1331.57 169.37
1333.49 169.53
1336.60 170.14
1338.79 170.41
1349.07 169.01
1350.97 169.57
1351.26 169.57
1363.34 170.57
1366.87 169.68
1367.85 170.56
1370.28 169.64
1372.41 169.59
1386.80 169.07
1387.09 171.10
1389.52 170.51
1392.92 170.01
1429.21 170.07
1432.27 169.63
1434.31 171.17
1437.11 170.05
1437.01 169.25
1440.76 169.84
1460.94 170.52
1463.75 168.94
1466.18 170.73
1468.14 171.16
1469.77 170.08
1472.40 169.50
1575.10 170.92
1578.78 170.88
1579.66 169.44
1637.80 170.52
1640.15 170.43
1641.33 169.41
1643.25 169.22
1646.47 169.06
1646.99 170.43
1666.11 169.90
1668.47 171.07
1670.98 168.84
1672.48 169.63
1673.23 170.37
1695.83 169.68
1698.71 170.71
1699.20 169.04
1702.78 170.71
1712.33 170.53
1715.17 171.15
1717.15 170.82
1718.95 170.61
1729.60 170.69
1732.37 169.55
1734.72 170.70
1736.45 170.35
1748.16 170.08
1750.28 168.82
1750.86 168.89
1768.07 170.64
1769.18 169.60
1771.41 169.29
1773.23 170.98
1775.78 168.84
1777.36 169.03
1780.05 171.19
1781.20 168.82
1783.92 169.73
1786.58 170.91
1786.93 170.68
1790.81 169.26
1791.08 169.19
1793.69 170.73
1797.04 169.07
1798.07 170.14
1800.32 169.85
1852.28 170.91
1854.04 170.78
1856.05 169.39
1858.82 169.71
1859.19 169.07
1862.71 168.97
1864.70 170.70
1865.70 170.02
1867.48 169.19
1869.20 170.77
1871.84 170.67
1873.89 169.85
1875.17 170.95
1876.99 170.30
1879.89 169.51
1882.33 171.12
1885.06 170.62
1907.68 170.40
1908.89 168.84
1911.12 170.59
1913.62 170.97
1915.59 169.48
1918.26 168.98
1937.15 169.23
1937.45 169.58
1940.87 169.54
1942.65 169.43
1945.20 168.97
2038.71 169.63
2040.80 168.89
2042.05 169.73
2053.53 169.34
2055.17 170.71
2057.34 169.90
2059.96 170.62
2062.74 169.42
2063.82 170.34
2065.53 170.17
2068.67 170.86
2071.13 168.91
2071.18 169.37
2073.13 170.12
2077.09 169.51
2076.95 169.66
2081.03 168.90
2080.94 170.72
2084.09 169.42
2128.19 170.13
2129.28 169.71
2132.99 170.14
2133.37 170.46
2136.06 170.31
2138.95 169.00
2155.76 170.23
2158.13 169.25
2158.84 170.39
2162.96 169.11
2165.01 170.31
2196.97 169.98
2200.15 169.19
2202.94 171.13
2219.06 170.98
2222.78 169.93
2224.96 170.69
2226.98 170.48
2235.60 169.26
2237.36 170.90
2240.07 170.45
2251.63 169.11
2253.83 170.38
2256.64 169.13
2258.76 170.13
2260.54 169.12
2274.31 170.20
2275.02 169.03
2278.13 169.94
2279.91 171.11
2307.69 169.92
2309.57 170.99
2312.54 170.17
2315.11 169.53
2317.15 169.78
2318.98 169.67
2320.61 169.83
2323.06 170.71
2324.53 170.64
2327.13 169.46
2329.17 170.33
2330.00 169.76
2332.35 171.11
2333.40 170.88
2335.83 170.01
2338.72 170.67
2340.66 169.19
2369.32 168.94
2372.50 169.66
2374.65 170.55
2435.81 169.55
2436.88 170.39
2439.51 169.00
2478.83 170.91
2483.01 168.94
2483.11 170.75
2485.86 169.04
2488.34 169.94
140.16 171.18
142.68 171.52
143.31 172.90
144.89 173.00
196.88 172.21
197.81 170.83
200.87 171.08
202.32 173.09
229.24 173.04
232.04 172.98
233.47 172.23
237.00 171.01
238.62 172.92
274.34 172.53
276.84 171.48
277.59 172.47
280.26 172.81
281.59 172.65
357.80 170.89
359.18 172.15
361.03 172.36
424.30 172.03
425.47 171.96
428.70 172.21
430.55 171.80
522.12 172.95
524.88 171.04
525.35 171.18
528.15 172.86
589.76 171.99
592.51 172.22
593.79 171.57
594.90 172.67
649.10 172.77
651.38 172.26
652.82 171.86
657.86 171.91
660.81 172.22
661.87 171.76
663.79 172.19
674.16 172.66
675.35 173.19
678.97 172.93
679.55 172.22
681.68 171.94
684.37 172.56
705.68 172.42
707.38 173.20
710.21 171.00
713.14 172.69
713.07 172.70
744.51 171.08
745.76 172.11
749.05 171.09
749.74 172.84
766.57 171.14
768.82 171.24
769.47 171.70
784.36 173.13
784.86 171.14
788.78 171.22
798.24 172.53
798.96 172.09
802.03 172.91
803.11 172.29
823.11 171.74
825.62 171.86
828.76 172.95
861.16 171.39
863.38 171.70
866.53 171.31
868.53 172.83
871.03 173.03
898.99 172.56
903.00 173.10
903.87 171.71
906.45 172.43
955.99 172.72
957.44 171.44
960.90 173.00
1006.98 171.66
1008.53 171.26
1009.07 172.27
1013.33 172.67
1015.67 171.16
1017.68 172.57
1063.87 172.11
1066.18 172.92
1068.58 171.25
1070.89 171.90
1108.87 173.15
1110.74 172.59
1112.87 172.04
1114.22 171.37
1116.40 171.95
1118.44 171.40
1119.59 171.99
1121.26 172.38
1125.04 172.67
1125.58 171.25
1145.06 171.23
1146.90 172.45
1147.47 171.75
1179.21 173.17
1181.47 171.90
1184.72 171.04
1218.58 172.66
1220.67 172.99
1221.74 172.59
1224.68 172.43
1265.48 171.95
1267.22 172.03
1268.82 172.28
1309.55 172.56
1311.58 171.01
1314.18 171.51
1330.04 172.64
1332.53 171.34
1334.49 172.44
1334.91 172.93
1348.87 171.12
1349.88 173.19
1352.22 173.00
1361.02 172.26
1363.72 173.09
1366.00 172.47
1368.08 172.16
1388.13 170.93
1390.08 172.99
1392.46 171.88
1393.21 173.14
1427.68 172.63
1429.76 171.98
1431.27 172.04
1434.39 170.91
1434.98 172.84
1466.83 170.90
1468.47 171.57
1470.35 172.16
1572.87 170.91
1576.08 170.89
1578.09 171.88
1580.86 172.60
1636.47 172.58
1638.67 171.27
1640.66 170.92
1642.47 171.55
1644.35 172.96
1668.80 172.15
1670.70 171.67
1672.42 171.35
1674.34 172.88
1695.03 171.00
1695.54 172.10
1697.81 171.58
1700.37 172.92
1714.85 171.18
1716.36 171.76
1718.83 170.80
1726.80 172.57
1730.97 172.51
1731.87 172.88
1748.45 171.54
1750.18 171.79
1751.75 172.01
1777.94 171.38
1779.44 171.86
1783.05 171.19
1784.84 171.74
1862.03 170.84
1864.81 171.60
1865.24 171.18
1905.75 171.73
1908.22 171.19
1908.89 171.14
1911.83 173.16
1915.05 172.96
1938.54 171.34
1940.96 173.15
1940.89 172.69
1944.11 172.77
2034.88 172.69
2037.20 173.03
2040.23 171.09
2041.38 173.09
2050.48 171.36
2051.57 171.08
2053.92 172.66
2056.80 172.56
2056.96 172.84
2058.93 171.11
2061.93 171.39
2064.26 171.25
2065.96 171.51
2068.75 170.83
2069.06 172.25
2072.20 172.61
2073.80 171.21
2076.64 171.47
2078.99 170.83
2126.02 172.02
2127.83 172.49
2129.94 171.25
2132.98 171.06
2132.99 172.79
2160.64 171.26
2161.62 171.84
2163.70 172.01
2167.00 172.01
2198.30 172.29
2198.86 173.11
2202.26 171.41
2218.28 171.54
2219.22 171.85
2221.30 171.80
2223.48 172.04
2235.16 171.54
2237.45 172.07
2240.54 171.40
2251.06 171.64
2251.86 172.62
2253.13 171.49
2254.90 171.67
2276.59 170.92
2277.35 171.35
2278.98 172.33
2283.10 171.67
2318.31 172.19
2319.56 172.97
2321.60 171.21
2368.78 171.63
2369.01 172.44
2372.53 172.07
2375.20 171.34
2437.02 171.81
2438.54 171.82
2440.78 170.88
2479.16 171.29
2481.62 172.07
2484.51 171.71
139.14 174.83
141.10 173.57
144.83 173.77
195.27 173.13
197.28 172.92
200.87 173.85
203.16 174.25
226.71 174.89
228.54 173.19
230.53 174.29
232.95 174.47
233.77 173.36
273.40 172.95
275.07 174.60
278.44 174.80
281.05 173.59
281.92 173.53
356.39 174.94
358.45 173.91
360.47 172.83
361.54 173.54
421.00 174.05
424.35 174.70
427.09 172.92
428.79 174.39
523.03 173.19
525.64 174.47
527.13 174.29
589.92 173.49
592.08 174.14
592.85 173.33
596.75 172.88
650.01 173.82
653.11 173.32
653.78 173.93
658.40 173.98
659.12 173.71
662.86 173.13
669.28 175.00
672.80 173.22
673.70 174.19
676.34 172.84
678.90 174.52
680.26 173.98
682.40 174.22
703.52 174.90
705.92 173.75
708.51 173.40
709.34 172.90
711.63 173.25
743.58 174.95
746.69 174.76
748.08 173.66
762.97 173.99
767.11 174.42
768.40 174.54
782.62 174.58
783.68 174.03
785.67 174.60
787.68 173.24
796.23 174.97
798.91 173.40
799.63 172.92
823.05 173.13
826.92 174.90
828.12 174.92
859.17 173.82
863.13 173.06
863.96 175.09
865.19 174.68
866.87 173.63
900.98 173.34
901.10 173.90
905.19 173.60
954.85 174.75
956.31 173.01
958.82 173.57
959.55 173.83
1006.35 173.01
1006.97 173.91
1014.95 174.58
1016.69 173.73
1063.55 173.93
1064.85 174.18
1067.87 175.00
1112.29 173.60
1113.99 173.72
1116.05 173.23
1117.00 173.58
1144.01 173.65
1145.28 173.98
1147.52 173.87
1178.31 173.42
1181.19 175.01
1181.15 173.53
1182.94 173.35
1217.48 174.61
1220.05 174.69
1221.68 174.52
1265.68 174.57
1266.97 173.11
1270.41 174.05
1307.25 174.12
1310.38 172.96
1311.69 174.91
1314.92 173.78
1327.68 174.43
1329.69 173.58
1331.15 173.19
1334.75 174.72
1347.52 175.17
1349.71 173.54
1352.69 173.52
1358.83 172.93
1362.73 172.96
1365.15 174.71
1365.97 173.02
1388.37 174.73
1390.64 173.88
1391.12 173.59
1394.06 174.66
1426.32 173.46
1428.02 174.47
1430.08 175.13
1432.48 173.55
1465.05 173.47
1468.72 173.81
1469.41 173.70
1573.96 174.19
1577.11 174.81
1577.82 173.56
1634.16 174.45
1636.83 174.90
1637.19 174.56
1640.90 173.33
1668.99 173.29
1672.86 174.50
1674.74 173.29
1691.45 173.59
1693.01 173.44
1694.86 173.26
1698.13 173.43
1714.25 174.81
1715.04 174.60
1718.21 174.07
1725.85 173.88
1728.40 174.01
1729.68 173.44
1750.42 173.68
1752.25 173.74
1779.05 173.53
1779.03 174.07
1781.96 174.20
1861.14 173.05
1863.33 173.15
1866.91 173.17
1902.93 174.12
1905.14 172.93
1907.37 174.13
1910.21 172.93
1939.83 173.90
1943.18 173.71
1945.19 172.96
1945.92 173.88
2035.66 174.04
2038.43 173.70
2039.52 174.40
2050.85 173.90
2051.58 173.71
2054.35 174.31
2056.10 173.96
2057.13 174.27
2058.92 174.46
2062.25 173.02
2063.45 173.00
2066.40 175.07
2066.85 174.07
2069.66 174.01
2122.83 174.26
2124.92 173.96
2127.39 173.96
2130.67 173.80
2132.31 173.47
2159.62 173.60
2161.65 174.34
2162.94 173.60
2165.37 175.07
2194.87 174.69
2198.55 174.54
2199.15 174.95
2202.58 173.10
2215.23 172.85
2217.70 174.17
2219.64 174.64
2221.79 174.28
2237.14 173.05
2238.21 174.66
2239.52 172.99
2248.90 172.85
2249.76 174.14
2252.35 174.34
2253.12 173.08
2274.93 173.49
2277.60 173.90
2280.00 173.20
2280.83 174.39
2317.06 173.98
2320.67 173.12
2321.87 172.82
2364.86 174.71
2368.03 174.30
2370.38 173.95
2371.57 173.45
2374.73 173.12
2433.01 173.23
2435.26 173.98
2438.53 172.94
2439.87 175.16
2477.82 174.75
2478.82 174.93
2480.95 172.84
140.17 175.48
141.84 176.94
145.09 175.49
196.01 175.80
199.06 175.95
199.79 176.64
224.82 177.13
226.00 175.62
228.42 174.85
228.86 175.58
231.86 176.27
271.47 177.02
273.89 175.34
276.80 175.97
277.74 175.86
279.35 176.10
356.16 176.54
358.08 177.14
360.90 176.79
421.13 176.79
421.15 176.76
424.91 177.14
425.64 175.63
524.83 176.29
524.98 175.01
528.35 176.53
588.38 176.62
590.34 175.86
591.99 175.71
594.17 176.62
597.08 176.89
650.05 176.51
653.00 175.77
654.71 176.35
658.24 175.63
660.28 176.72
662.69 176.83
663.79 177.05
665.99 175.01
668.00 176.71
668.83 176.16
671.12 175.02
674.17 176.23
676.20 176.30
679.15 176.91
704.68 175.26
706.34 176.86
707.85 175.61
710.94 175.03
742.94 175.67
745.30 175.56
748.19 175.60
763.07 175.44
764.10 176.47
767.08 176.59
782.90 174.87
784.60 177.14
787.07 176.05
795.07 176.35
795.80 177.15
797.52 176.29
824.09 174.84
825.68 175.28
828.32 175.92
860.86 175.79
861.00 175.29
865.08 175.89
867.03 175.29
900.73 175.18
900.86 177.05
903.46 176.72
953.34 176.80
957.20 176.50
957.78 175.92
1003.46 176.80
1006.12 176.50
1007.66 175.90
1012.57 175.87
1013.14 176.64
1015.05 176.65
1062.99 174.97
1064.96 176.40
1064.84 176.34
1069.08 175.07
1110.27 174.85
1110.85 175.24
1112.86 175.22
1143.46 176.81
1146.09 177.07
1147.07 175.89
1177.58 176.64
1180.99 175.95
1181.30 174.90
1219.13 177.18
1219.16 174.85
1222.37 176.31
1263.16 175.58
1265.79 174.92
1267.60 177.11
1270.21 175.01
1307.84 176.48
1308.87 176.82
1311.49 177.07
1327.73 175.86
1330.68 174.83
1331.21 176.53
1347.89 176.43
1350.53 177.09
1352.56 175.70
1358.80 176.71
1360.88 176.74
1361.88 175.95
1363.21 174.84
1387.58 176.10
1390.26 176.38
1392.98 175.37
1393.57 175.28
1423.92 176.68
1426.34 176.08
1429.11 176.18
1431.04 176.54
1463.07 176.06
1465.75 176.86
1468.36 176.82
1470.23 175.47
1574.03 174.83
1575.91 175.00
1577.43 176.57
1633.13 177.00
1634.09 176.90
1636.32 176.14
1637.67 177.14
1670.37 177.14
1671.75 175.34
1673.98 176.66
1689.87 177.17
1691.56 175.37
1695.03 176.55
1695.94 176.30
1714.67 176.85
1715.50 176.67
1718.69 176.63
1726.81 175.13
1728.48 175.58
1730.34 175.10
1750.68 175.62
1752.13 177.12
1753.66 176.04
1777.06 176.57
1780.74 176.67
1782.63 176.37
1860.97 175.33
1862.58 175.91
1864.44 176.33
1866.79 175.24
1902.33 175.94
1902.96 176.75
1905.08 176.72
1908.67 176.16
1939.74 176.23
1942.41 176.33
1944.80 176.90
1946.41 176.63
2036.69 174.95
2037.91 176.37
2038.93 175.79
2125.11 175.78
2124.97 177.14
2128.24 174.88
2131.00 176.41
2161.68 177.15
2163.96 175.48
2165.70 176.37
2168.35 176.84
2196.31 175.42
2198.11 176.10
2199.64 176.94
2215.08 176.86
2219.01 176.54
2219.66 175.67
2235.48 175.55
2237.84 176.21
2240.71 175.33
2246.08 176.62
2248.32 174.87
2250.39 175.28
2251.42 175.73
2276.38 175.02
2278.47 174.91
2279.99 175.97
2283.13 175.79
2316.88 177.13
2319.04 175.94
2321.05 175.02
2321.66 175.27
2365.85 176.96
2368.43 176.63
2371.76 174.93
2372.91 175.77
2434.82 175.50
2436.80 176.61
2437.97 176.11
2475.38 176.17
2476.97 176.09
2479.39 175.65
2482.53 176.49
136.92 176.99
140.96 178.06
142.86 178.24
144.38 177.33
193.82 178.06
196.95 178.84
197.97 177.11
198.97 178.22
222.54 177.51
223.69 177.24
225.15 178.46
228.71 178.43
230.68 178.51
270.72 176.96
271.02 176.88
274.48 177.21
275.28 177.68
278.28 176.92
280.36 178.16
356.02 178.31
357.96 178.74
359.03 177.65
418.80 177.70
420.87 178.08
422.68 177.29
423.87 178.81
524.16 178.20
525.05 177.89
528.22 177.03
587.34 177.02
588.81 178.78
591.13 177.67
593.24 177.46
595.39 177.12
598.22 177.43
651.37 178.20
655.04 178.54
656.82 176.97
657.20 177.11
660.35 178.11
662.60 177.26
663.60 178.53
666.58 178.46
667.75 179.07
670.91 177.60
672.16 178.97
674.10 177.43
701.77 177.87
705.09 178.01
706.77 178.22
708.96 178.41
741.66 178.41
743.38 178.67
745.08 178.81
748.89 177.46
760.70 177.92
762.58 177.10
764.71 177.23
764.86 177.96
781.37 178.15
783.80 177.54
785.58 177.30
791.93 177.43
794.42 177.85
796.24 177.47
825.10 177.19
827.04 177.44
827.76 177.74
858.56 177.91
859.80 177.11
861.22 177.16
864.68 176.82
897.55 176.85
900.18 179.01
901.99 177.74
904.13 177.82
954.81 177.91
955.42 177.26
958.36 178.01
1004.37 177.69
1006.39 178.24
1011.33 177.50
1015.15 176.90
1017.06 178.94
1062.62 178.22
1063.48 178.24
1066.09 178.98
1109.93 178.65
1113.11 178.76
1113.57 177.99
1143.56 178.73
1147.15 178.85
1148.27 178.08
1178.44 178.22
1180.48 177.16
1182.39 177.63
1215.44 177.25
1218.08 177.03
1219.57 176.98
1221.38 177.21
1265.14 177.24
1266.53 179.19
1268.59 177.18
1308.16 177.98
1309.05 177.37
1310.92 177.48
1325.87 177.17
1328.36 179.19
1329.38 177.95
1346.19 177.08
1347.02 177.65
1349.16 178.60
1352.44 178.74
1357.70 178.34
1360.44 179.07
1362.05 179.01
1388.13 177.79
1389.98 177.20
1393.02 178.34
1423.11 176.82
1424.58 178.55
1426.73 176.83
1428.92 176.87
1464.87 178.42
1467.13 178.35
1466.82 178.66
1571.42 177.40
1575.18 177.14
1576.04 178.82
1578.42 178.43
1628.89 177.45
1631.61 176.94
1633.32 177.26
1636.92 178.05
1669.25 179.02
1671.72 177.18
1672.99 177.80
1689.23 177.58
1692.67 177.18
1692.84 178.30
1715.91 177.86
1716.81 177.55
1720.97 178.03
1723.31 177.93
1726.07 178.11
1727.50 177.87
1750.59 178.50
1753.08 177.72
1755.11 177.30
1774.97 177.01
1777.29 178.73
1780.71 176.86
1782.87 179.14
1860.30 179.12
1861.21 177.00
1864.81 178.01
1900.23 177.68
1903.01 177.38
1904.75 177.89
1905.58 178.09
1943.04 178.10
1944.54 178.56
1946.34 177.37
2033.86 178.05
2035.66 177.78
2037.63 177.57
2040.29 177.72
2121.00 178.44
2124.54 178.04
2126.52 177.84
2128.79 177.76
2160.94 176.89
2164.48 177.90
2167.01 177.22
2167.26 177.41
2196.37 178.94
2198.66 178.66
2199.16 177.68
2213.78 178.96
2215.80 177.67
2217.06 179.11
2233.66 178.45
2235.47 178.46
2237.48 178.55
2239.00 178.46
2245.48 176.85
2247.17 178.37
2250.97 177.46
2275.37 177.29
2277.63 177.87
2281.20 177.39
2316.70 178.28
2317.15 178.20
2319.91 178.22
2365.16 177.58
2365.47 177.32
2367.62 177.74
2371.13 177.57
2372.86 178.75
2375.42 178.84
2433.94 177.02
2436.31 177.82
2438.40 178.13
2474.99 178.69
2477.39 177.69
2480.69 178.49
137.06 180.95
139.28 179.06
142.40 180.28
193.86 180.91
196.59 180.37
197.78 180.51
199.51 179.62
217.02 178.84
220.85 180.37
221.66 180.65
223.33 180.25
225.03 180.26
268.81 179.67
272.07 181.07
273.56 180.12
276.74 179.24
277.58 180.37
280.57 180.15
354.17 179.69
356.66 180.06
358.98 179.33
360.90 179.70
418.44 181.11
420.05 180.82
421.19 179.35
523.02 180.51
525.12 179.37
527.08 179.89
527.63 179.84
588.48 180.22
589.43 179.39
593.11 180.64
594.54 180.32
596.54 178.92
597.34 180.01
599.20 179.14
650.46 180.83
652.03 179.88
655.09 180.07
655.65 179.40
657.13 179.14
658.80 180.10
660.97 178.81
663.04 179.75
665.20 180.32
666.81 180.64
698.96 180.42
701.43 179.75
703.94 179.75
705.19 180.57
742.89 180.32
745.07 180.07
744.93 181.16
760.84 179.70
762.01 179.35
765.13 180.10
781.14 180.02
782.18 179.41
783.54 180.96
785.88 180.84
790.51 180.63
793.15 180.08
793.19 181.15
824.89 179.91
826.94 180.57
828.84 181.17
855.30 180.20
857.56 179.60
859.61 179.92
861.17 180.49
898.36 181.12
899.97 180.07
901.17 179.64
953.83 180.71
956.66 179.66
958.09 181.04
1001.53 180.86
1005.12 179.68
1005.43 179.73
1012.52 178.90
1014.74 178.81
1015.59 180.78
1059.95 179.10
1061.24 179.87
1063.61 180.41
1066.95 179.98
1108.06 179.16
1109.89 181.13
1112.28 179.55
1142.68 180.82
1144.49 180.72
1146.69 179.48
1148.49 180.33
1175.53 179.44
1178.73 180.59
1180.13 180.90
1182.67 180.73
1217.03 178.95
1218.27 180.30
1220.33 179.82
1263.18 180.06
1264.93 179.10
1268.39 180.80
1304.95 179.38
1308.28 178.84
1309.35 180.03
1311.68 181.09
1324.90 180.58
1327.79 179.32
1346.42 180.06
1347.60 179.31
1350.01 179.76
1355.39 179.42
1358.48 179.96
1358.89 179.96
1387.24 180.83
1390.15 180.09
1392.08 179.56
1422.39 180.73
1423.85 179.65
1425.24 181.19
1463.87 179.25
1466.88 180.36
1468.35 179.88
1572.97 179.31
1574.10 179.97
1575.35 180.34
1631.03 179.45
1633.12 181.00
1634.65 180.01
1636.51 180.03
1667.28 179.04
1670.55 180.15
1671.04 179.98
1673.15 180.06
1688.18 179.30
1690.98 179.67
1692.63 179.90
1715.82 179.79
1718.23 180.02
1720.76 179.20
1722.59 181.19
1723.62 179.39
1725.15 181.07
1751.08 180.06
1751.96 179.92
1754.70 180.48
1775.42 180.90
1778.25 179.69
1780.39 181.06
1860.93 180.06
1861.65 180.21
1864.17 179.56
1900.64 178.88
1901.52 179.27
1905.13 179.29
1905.75 179.53
1941.63 181.19
1944.00 181.11
1946.55 180.92
1947.45 180.81
2034.06 180.29
2035.77 180.38
2037.97 179.34
2120.76 179.45
2121.12 180.38
2124.52 180.31
2125.45 180.43
2164.10 179.05
2165.14 180.04
2169.17 181.01
2194.73 179.48
2194.94 181.14
2198.39 179.12
2199.68 180.92
2215.04 179.19
2217.13 180.32
2232.81 180.68
2235.84 180.12
2236.88 180.03
2245.08 180.64
2246.43 180.43
2247.45 180.63
2275.31 179.60
2277.27 178.96
2280.92 180.89
2316.06 179.01
2317.12 180.21
2320.61 180.31
2363.27 180.53
2366.90 178.89
2372.60 180.75
2373.07 180.04
2375.14 180.98
2431.61 178.86
2434.95 179.21
2435.02 181.01
2437.14 178.97
2475.18 179.51
2475.67 179.83
2477.78 180.93
2478.92 179.57
64.64 181.51
65.63 182.20
138.54 182.21
140.03 182.85
141.77 182.19
194.66 181.00
196.92 182.44
198.86 182.21
198.88 181.78
214.92 182.20
217.65 182.33
218.82 181.97
223.17 182.34
225.12 181.64
267.14 181.64
270.20 180.92
271.13 182.16
273.34 181.14
275.89 181.89
278.56 182.22
354.81 182.24
356.76 182.21
358.96 182.95
416.75 182.53
417.92 181.77
420.22 182.77
421.70 181.14
521.83 182.38
524.40 181.32
525.35 181.20
586.25 181.76
588.70 181.32
589.54 181.52
592.61 181.27
597.13 181.82
598.44 181.27
599.14 182.70
602.60 181.30
603.18 183.03
606.85 182.47
641.50 181.33
643.02 181.09
646.35 182.98
647.33 181.95
650.09 181.83
652.57 181.84
654.64 183.08
655.74 182.18
657.04 183.03
659.94 183.16
662.55 182.98
698.16 180.83
698.87 182.70
701.47 181.22
704.60 181.52
741.85 181.45
744.45 182.56
746.77 181.14
779.65 181.27
782.38 181.52
784.26 182.86
788.71 182.48
791.09 182.76
792.48 182.34
821.08 182.37
823.66 181.38
825.37 181.28
827.60 182.41
852.80 183.04
856.28 180.89
858.88 181.93
861.17 182.09
898.51 182.03
899.67 181.71
902.80 181.34
952.19 181.83
954.20 181.47
954.99 183.17
957.28 182.48
1001.13 182.77
1003.82 181.35
1011.27 181.84
1015.13 182.00
1059.53 182.26
1061.64 183.14
1062.88 181.00
1107.11 181.84
1109.18 182.00
1112.48 181.32
1142.63 182.45
1144.65 181.28
1145.85 181.63
1174.96 181.59
1178.39 183.08
1179.99 182.66
1216.21 180.99
1217.61 181.37
1220.61 183.04
1262.32 181.65
1263.18 182.72
1266.64 181.95
1267.32 182.48
1306.87 182.56
1306.95 181.75
1310.25 181.65
1345.47 182.87
1348.12 181.30
1350.04 181.50
1353.04 182.06
1356.69 182.61
1359.14 181.97
1388.44 180.90
1389.83 182.31
1392.50 181.50
1418.92 181.51
1422.73 182.63
1424.75 182.83
1425.77 182.43
1461.77 182.44
1463.03 182.69
1466.17 182.77
1466.97 182.05
1570.99 182.27
1573.97 181.24
1575.19 182.80
1628.62 181.50
1630.88 182.22
1632.39 183.20
1634.92 180.84
1667.08 181.34
1669.96 182.65
1671.27 181.28
1689.92 181.70
1692.75 181.00
1716.05 181.45
1718.82 182.23
1719.35 181.79
1721.92 180.96
1725.01 182.61
1726.22 182.28
1752.30 181.13
1775.87 183.09
1778.43 181.10
1781.15 182.23
1858.83 183.17
1859.21 182.31
1861.60 181.79
1864.29 180.94
1897.26 180.83
1900.08 182.33
1902.22 182.76
1904.98 181.68
1942.06 181.62
1944.83 181.39
1946.31 181.82
1947.43 182.03
2034.63 182.74
2037.19 181.07
2037.48 183.14
2120.43 183.16
2121.07 183.08
2124.41 183.00
2164.48 181.12
2165.92 182.86
2167.67 182.73
2193.15 182.94
2197.17 181.95
2196.81 181.90
2233.69 182.66
2236.52 182.01
2238.79 181.80
2241.91 180.84
2243.20 182.07
2246.36 181.32
2276.32 182.06
2278.03 181.00
2280.80 181.59
2314.36 182.55
2316.75 182.63
2318.05 182.58
2320.06 182.30
2362.81 182.69
2364.90 181.99
2364.84 181.22
2373.56 180.95
2375.63 181.60
2378.35 182.79
2430.84 181.13
2434.42 182.71
2436.89 181.03
2474.33 182.05
2474.83 183.19
2476.84 182.02
62.99 184.07
64.28 183.55
65.66 183.70
68.28 184.46
69.58 183.22
72.19 184.59
134.89 183.03
137.42 183.02
139.02 183.31
194.36 184.35
195.22 184.14
198.55 184.47
212.49 184.66
214.19 183.58
215.14 184.32
217.88 183.15
221.19 183.36
222.48 184.79
265.57 183.15
267.03 184.29
269.09 183.42
274.57 184.79
275.95 183.47
277.05 183.16
353.33 184.14
355.75 185.05
359.19 183.43
413.25 183.87
416.65 183.26
417.73 184.10
421.14 184.89
523.12 184.13
525.19 183.16
527.15 184.95
585.42 185.12
586.97 184.35
591.04 185.15
597.44 184.08
599.78 183.15
601.51 184.29
603.95 182.97
606.35 185.12
609.05 184.31
610.93 184.75
613.08 183.45
613.95 183.87
615.61 183.07
618.22 183.92
620.65 183.20
622.90 185.09
623.31 185.19
626.46 183.09
627.65 184.59
629.88 184.99
633.06 183.39
634.26 184.18
635.75 183.00
637.28 183.00
640.96 184.15
640.81 184.73
643.22 184.50
646.44 184.92
646.82 183.14
650.27 185.01
650.92 185.12
653.30 184.37
655.75 184.65
658.33 185.09
659.41 184.11
697.27 183.83
699.14 183.25
701.91 183.74
704.82 183.45
738.84 183.93
742.39 184.12
742.84 183.00
745.37 184.89
780.90 183.44
782.12 183.99
783.73 182.89
786.84 183.01
788.90 184.56
822.71 184.24
823.93 184.20
824.80 183.52
853.09 183.64
857.15 185.09
859.11 184.29
859.69 183.43
894.94 183.60
898.26 185.17
899.44 184.56
900.89 184.09
952.78 183.54
953.47 183.15
956.78 183.67
1001.14 183.61
1001.58 184.89
1005.20 183.29
1010.85 185.18
1011.67 184.05
1015.03 184.84
1057.48 183.16
1060.44 184.26
1062.44 184.63
1064.46 184.89
1105.59 184.83
1107.47 183.23
1111.01 183.69
1141.13 184.43
1143.90 184.66
1146.39 184.02
1177.02 184.62
1178.40 183.95
1180.56 182.88
1213.55 183.12
1214.86 183.43
1219.04 182.99
1220.16 183.12
1261.48 183.20
1263.97 183.58
1265.08 183.36
1307.05 184.87
1308.26 183.80
1310.53 184.33
1344.84 185.07
1345.50 183.82
1347.64 184.15
1349.75 183.59
1351.38 184.21
1354.53 185.06
1356.92 182.87
1387.10 183.23
1387.42 184.39
1390.92 184.64
1392.35 183.03
1419.19 183.38
1420.90 183.52
1423.17 184.99
1424.26 184.84
1461.40 183.44
1464.94 184.60
1465.88 184.22
1570.39 185.12
1572.87 183.67
1574.72 184.84
1576.88 184.22
1628.71 183.04
1630.00 183.75
1633.18 183.70
1666.58 185.13
1667.58 182.83
1670.07 183.15
1672.78 184.41
1716.36 184.68
1718.96 184.70
1720.04 183.60
1722.51 183.02
1725.19 185.10
1773.34 183.60
1775.47 183.69
1778.33 183.23
1779.34 185.08
1858.28 184.19
1859.03 183.15
1862.55 183.58
1898.29 184.47
1898.82 183.18
1901.00 183.15
1942.12 184.27
1942.98 183.06
1946.82 184.98
1947.52 184.58
2032.99 184.59
2034.59 184.27
2037.10 185.15
2038.22 183.51
2117.79 184.38
2121.07 183.82
2122.25 184.24
2123.52 183.96
2163.90 183.26
2167.04 185.00
2169.06 184.75
2194.78 183.51
2195.96 183.15
2197.72 184.58
2232.59 184.19
2233.44 184.72
2235.08 184.52
2236.98 183.04
2239.74 184.48
2241.58 183.81
2243.29 184.19
2273.97 183.23
2276.87 184.92
2278.15 183.16
2278.82 183.19
2314.32 185.07
2316.35 182.82
2317.82 185.09
2359.04 183.47
2362.11 184.01
2363.35 183.85
2374.89 183.87
2375.33 183.82
2376.99 184.25
2432.40 184.15
2432.84 183.39
2436.41 184.19
2474.92 182.80
2475.20 184.99
2478.11 184.36
60.99 185.30
64.09 186.56
66.91 185.20
68.40 186.01
70.59 186.72
71.73 186.52
73.13 185.89
74.93 184.86
78.95 185.48
80.33 186.80
136.36 185.12
137.46 184.89
139.83 186.46
194.60 186.91
196.37 185.50
197.15 187.12
210.07 186.06
210.88 184.94
214.40 185.02
215.96 186.47
218.54 187.18
264.21 186.93
265.36 187.15
266.81 184.88
270.89 186.32
270.82 185.29
274.00 186.94
275.24 184.82
277.68 186.41
353.05 185.54
355.20 185.02
354.84 184.99
357.03 186.03
413.63 185.74
414.90 186.12
418.12 185.32
420.01 186.56
520.69 185.13
522.54 187.09
523.35 185.42
526.81 185.27
587.13 187.16
588.97 185.91
590.73 186.46
600.65 185.80
601.24 187.18
603.75 187.14
605.61 186.58
608.55 186.95
610.50 185.93
613.15 187.04
613.54 184.87
615.93 186.83
618.53 187.10
619.34 185.95
621.20 186.17
623.06 185.67
626.70 186.06
627.96 186.63
631.18 186.62
632.67 186.89
633.37 185.87
637.03 185.57
638.10 185.99
640.81 185.43
641.14 186.23
643.89 185.64
646.91 187.06
648.81 185.35
649.43 184.96
651.56 185.29
653.49 184.87
656.61 186.59
658.57 185.70
694.90 186.81
697.04 186.43
700.73 185.87
701.27 186.27
740.15 185.18
742.40 185.95
744.05 186.59
777.33 186.13
780.16 185.99
781.95 186.14
785.13 186.62
786.31 185.77
787.39 186.88
790.50 185.13
822.93 184.99
824.61 186.69
826.07 185.66
851.22 185.25
853.46 187.03
854.97 186.89
858.68 187.05
895.40 187.13
898.69 186.92
899.16 185.54
952.88 185.92
954.50 186.38
955.12 185.65
996.94 187.09
1001.02 185.89
1002.00 186.63
1009.29 185.17
1012.91 184.86
1014.31 185.56
1055.28 186.78
1057.62 184.90
1059.51 186.27
1061.16 185.01
1106.62 185.04
1108.93 185.37
1110.11 184.85
1139.85 185.37
1141.62 186.87
1144.45 186.04
1147.02 185.42
1175.15 187.00
1177.46 186.81
1180.35 185.80
1213.40 185.20
1217.00 185.66
1218.97 185.41
1262.00 185.97
1264.16 186.44
1266.29 185.20
1306.17 185.04
1308.67 185.59
1310.18 185.90
1343.30 187.09
1344.97 186.46
1347.74 185.32
1352.79 186.24
1353.94 185.01
1386.19 186.01
1387.69 186.51
1389.41 186.30
1417.46 186.91
1420.96 186.21
1421.65 186.08
1460.55 185.24
1461.87 186.97
1463.81 186.71
1465.74 187.01
1570.64 185.55
1572.03 186.77
1574.83 186.64
1624.98 184.91
1628.65 186.86
1630.07 186.09
1632.27 187.16
1665.16 185.80
1665.80 185.71
1668.68 186.74
1669.77 185.77
1714.95 185.93
1717.93 187.00
1719.18 186.17
1722.38 186.30
1723.46 186.46
1773.71 185.69
1775.20 184.87
1777.55 185.17
1857.39 186.88
1859.48 185.54
1861.79 186.33
1894.99 185.97
1897.55 186.00
1899.73 185.15
1901.19 186.24
1942.47 185.80
1942.88 185.86
1946.90 187.00
1947.63 185.80
2032.83 185.02
2033.11 185.72
2037.13 186.11
2117.79 187.11
2120.31 185.46
2121.07 185.92
2164.15 185.71
2166.09 186.28
2169.16 186.05
2192.90 185.62
2195.74 185.63
2198.75 186.42
2231.33 185.88
2234.42 186.29
2236.66 185.14
2241.02 186.03
2241.55 185.85
2273.01 186.99
2275.35 185.44
2277.76 185.52
2314.26 186.90
2316.80 187.03
2319.15 185.64
2359.42 186.64
2361.53 185.44
2376.57 185.38
2377.26 186.82
2379.00 186.69
2430.02 185.43
2431.49 186.14
2435.18 185.86
2435.66 185.75
2474.52 186.17
2477.03 186.90
2478.80 186.84
61.46 188.12
63.09 188.80
65.69 187.90
67.07 188.89
70.27 189.12
71.95 187.10
73.58 188.71
75.99 188.48
77.11 188.91
78.93 188.52
82.09 187.08
83.40 188.88
84.83 186.97
87.12 188.39
89.85 187.63
92.45 189.10
94.41 187.52
96.47 188.39
98.07 188.74
99.17 187.89
103.06 188.67
133.71 187.12
137.05 189.05
138.89 188.22
139.10 189.08
191.63 189.17
194.63 188.53
195.72 188.94
197.37 188.92
207.31 187.28
210.02 189.20
213.12 188.70
214.19 188.45
215.17 188.06
263.03 187.06
263.90 187.35
265.33 187.59
269.15 187.29
272.79 188.50
273.26 188.38
275.58 186.84
352.07 187.02
353.98 188.97
354.91 188.91
356.80 188.05
413.46 189.10
415.86 186.85
418.30 188.86
518.56 188.88
519.48 188.35
521.67 188.03
524.72 187.63
584.68 188.83
585.29 187.98
588.32 188.13
590.22 187.90
605.62 187.74
606.92 188.77
610.64 187.57
611.78 187.98
614.90 187.54
616.00 188.95
618.20 188.77
618.82 189.09
622.42 189.07
622.84 188.30
626.29 187.42
627.17 187.38
630.67 188.32
632.18 188.48
635.01 186.88
634.80 187.63
637.12 189.05
639.95 187.74
650.84 187.19
653.07 187.00
655.63 187.00
658.73 187.00
696.67 187.59
697.56 187.79
700.58 188.18
737.23 188.19
740.19 189.05
742.75 187.86
744.45 187.07
778.44 187.22
781.09 188.65
780.92 188.93
784.30 188.19
784.96 188.22
787.96 188.03
819.05 188.71
820.97 188.89
823.33 188.42
825.28 186.96
851.66 188.32
853.22 188.97
855.28 187.72
894.08 188.63
897.08 187.72
898.35 187.90
899.82 188.47
951.56 188.36
954.84 188.62
956.07 188.32
999.14 189.18
1000.87 187.63
1001.16 188.43
1009.08 187.13
1011.54 187.85
1014.77 187.21
1054.89 189.15
1057.00 187.21
1061.06 187.81
1103.70 188.36
1105.43 187.02
1108.16 187.50
1139.85 188.15
1142.73 187.13
1143.40 187.07
1174.28 188.92
1175.90 187.04
1177.44 188.51
1212.87 186.97
1215.86 187.73
1218.49 189.19
1260.55 187.41
1262.05 188.03
1264.25 187.28
1266.65 187.35
1303.13 187.88
1305.81 187.21
1307.68 187.54
1343.42 187.90
1345.30 186.99
1347.81 187.08
1350.33 187.69
1353.10 187.15
1386.91 187.83
1387.60 187.84
1390.16 188.30
1416.49 189.03
1417.22 188.64
1418.91 188.71
1423.04 188.64
1459.15 188.61
1462.03 186.87
1462.81 187.30
1464.81 187.65
1570.44 189.15
1571.90 188.13
1574.15 188.76
1625.52 187.32
1627.70 189.20
1629.44 186.87
1660.38 187.41
1661.18 189.12
1663.21 188.71
1665.75 188.40
1667.62 187.89
1717.09 187.37
1718.75 188.79
1719.37 187.07
1721.98 187.37
1773.21 188.32
1774.82 188.49
1777.78 187.92
1856.27 187.16
1858.53 188.23
1858.93 187.41
1862.11 188.64
1895.45 188.84
1898.04 188.60
1900.04 188.06
1942.65 188.24
1943.80 187.44
1945.70 188.36
1948.44 189.11
2031.21 188.45
2034.19 187.96
2035.66 187.70
2117.04 188.72
2118.09 187.85
2119.24 188.51
2121.85 188.55
2164.64 188.18
2166.90 187.52
2166.88 188.41
2192.34 188.79
2193.11 187.26
2196.33 189.02
2232.01 187.36
2234.92 188.28
2235.27 188.39
2239.05 188.80
2240.11 187.96
2274.16 187.96
2276.22 188.55
2278.16 187.51
2312.52 187.43
2312.83 187.94
2316.25 187.31
2317.83 188.43
2356.99 188.58
2360.12 188.08
2360.87 189.07
2376.86 187.25
2376.84 188.35
2378.93 188.87
2430.56 188.08
2431.72 188.91
2434.83 187.44
2474.77 188.46
2475.01 187.45
2477.32 187.36
61.08 190.76
64.21 190.74
67.12 190.70
67.81 189.94
74.07 188.83
75.14 190.12
78.66 189.35
79.21 191.03
81.44 191.11
83.36 189.86
85.42 191.11
89.04 191.19
90.76 189.88
93.07 190.88
94.05 188.85
95.10 189.73
98.13 190.27
99.10 189.16
102.87 190.34
103.03 189.11
133.50 190.90
134.92 188.97
139.19 191.00
191.51 190.03
192.87 190.67
195.17 190.20
199.03 190.20
204.48 189.18
205.02 189.19
207.47 189.63
209.45 190.49
211.60 189.24
261.48 190.78
264.45 189.58
266.32 190.01
272.74 189.71
275.18 190.79
275.05 190.90
351.39 190.30
353.89 190.12
356.48 189.14
412.96 189.60
414.63 189.66
416.33 189.94
417.02 190.52
518.43 190.78
521.08 190.23
521.25 190.94
583.90 190.24
587.02 191.00
588.45 190.23
591.00 189.90
652.78 189.76
653.93 191.08
655.66 189.74
658.68 189.58
692.97 189.29
695.81 191.11
698.17 188.98
698.87 189.04
737.00 188.83
739.68 190.49
741.49 190.10
744.41 189.39
777.64 190.21
780.99 190.77
782.28 188.90
785.00 190.01
787.16 190.27
820.12 190.95
820.88 189.85
824.23 190.80
851.73 190.91
852.86 189.22
856.52 190.18
894.14 190.55
896.49 189.03
897.47 190.18
899.17 190.83
950.56 190.35
951.53 190.11
952.98 189.57
996.21 191.18
998.89 190.31
999.13 190.79
1009.88 191.10
1012.47 191.02
1053.22 190.53
1056.66 190.99
1058.11 189.42
1059.16 189.05
1104.70 189.43
1105.10 190.35
1108.10 189.09
1139.04 190.42
1141.76 191.06
1145.01 188.94
1173.35 189.85
1175.53 189.84
1177.99 189.10
1212.22 189.37
1213.29 188.91
1215.78 190.05
1219.02 190.93
1259.91 189.70
1262.76 190.28
1264.85 188.97
1303.83 190.08
1306.11 190.40
1308.57 188.84
1343.01 190.27
1343.77 190.80
1347.02 190.48
1348.53 189.18
1348.97 189.34
1352.47 188.82
1383.21 189.77
1386.63 190.07
1387.09 190.05
1390.51 190.61
1417.03 191.00
1418.24 191.13
1420.44 190.34
1456.82 188.80
1458.92 190.19
1461.57 189.65
1463.63 190.20
1568.31 189.20
1569.72 189.23
1572.50 190.48
1575.20 189.03
1623.74 190.63
1625.74 190.68
1627.79 189.48
1631.16 189.27
1654.90 189.11
1657.05 188.97
1659.92 190.73
1662.53 190.24
1663.11 190.84
1664.88 189.18
1717.15 188.91
1718.50 189.74
1720.43 190.17
1722.16 189.12
1772.68 189.38
1773.20 191.15
1775.83 189.12
1779.16 189.68
1856.89 189.53
1858.32 191.05
1860.98 191.00
1896.06 191.19
1897.48 189.93
1900.39 190.69
1942.70 188.97
1944.34 188.90
1946.65 190.25
2030.65 189.27
2031.30 190.74
2034.86 190.97
2036.94 188.89
2115.52 190.32
2117.04 189.84
2120.51 189.80
2121.24 190.29
2163.50 190.04
2165.47 189.38
2167.69 190.17
2192.81 190.44
2194.13 189.85
2196.76 189.27
2230.26 189.46
2231.88 190.63
2232.82 190.83
2236.82 190.88
2237.36 190.64
2239.36 189.22
2271.56 189.91
2273.80 191.00
2275.95 189.48
2278.38 189.16
2312.85 190.97
2312.90 189.64
2316.23 190.47
2355.95 190.46
2358.35 189.26
2359.10 190.76
2376.60 189.71
2377.06 190.56
2379.60 190.84
2382.31 190.20
2428.86 189.77
2430.98 189.91
2434.75 189.46
2474.44 189.62
2475.97 191.08
2478.40 190.39
64.01 192.00
65.52 192.09
67.78 191.01
83.01 190.87
85.30 191.96
87.86 192.74
90.26 192.91
93.11 190.94
94.73 192.86
96.97 191.49
97.21 192.68
99.38 193.09
101.22 193.16
131.58 191.61
133.52 191.71
136.09 193.10
136.81 192.17
191.73 191.05
194.73 192.81
196.21 190.99
196.90 192.28
201.66 192.85
205.15 193.20
206.79 190.93
207.66 192.49
209.24 192.27
261.15 190.98
262.13 191.38
265.02 193.14
270.51 191.41
271.99 192.08
273.32 192.69
277.03 193.18
350.77 191.54
352.25 191.33
353.69 193.03
355.49 193.01
413.03 190.97
414.24 191.81
414.90 190.98
418.82 192.07
514.90 191.60
518.77 191.31
519.88 192.79
522.87 192.82
583.55 191.82
585.49 191.19
587.24 192.55
651.46 192.04
653.77 192.74
657.19 190.86
657.77 192.19
692.83 192.12
696.80 192.78
698.24 192.21
700.53 192.80
737.01 191.91
738.10 191.63
741.17 192.13
742.33 192.19
779.14 192.30
779.76 192.48
780.91 192.16
782.85 192.22
785.32 190.82
820.62 191.30
822.38 191.52
823.49 193.11
849.45 192.79
851.11 192.66
853.10 191.37
855.14 191.43
892.27 192.60
892.82 193.13
894.87 192.27
897.10 190.92
949.34 193.19
950.92 191.62
954.97 192.13
993.72 191.71
995.42 192.61
998.28 191.74
1000.66 192.22
1009.08 191.04
1008.99 191.25
1012.61 192.76
1054.70 192.48
1055.98 192.82
1056.83 193.10
1102.13 192.17
1104.72 192.48
1107.12 192.06
1138.13 192.24
1140.26 190.96
1141.87 190.81
1174.95 191.42
1176.36 192.06
1176.87 191.78
1211.76 191.76
1214.68 191.04
1216.55 193.04
1259.02 191.11
1262.06 191.68
1264.62 193.20
1305.15 192.02
1305.50 191.09
1308.61 192.98
1341.96 190.89
1344.27 192.09
1344.98 191.63
1348.12 191.60
1350.23 191.67
1383.95 192.51
1385.07 191.91
1388.04 190.91
1416.11 192.42
1417.59 192.61
1420.09 193.05
1458.72 192.15
1459.16 192.50
1461.53 192.56
1463.76 192.27
1568.95 192.42
1570.77 191.55
1572.93 191.49
1624.86 191.59
1625.55 192.72
1628.38 191.94
1629.06 192.83
1652.86 191.43
1654.17 191.00
1656.63 191.80
1657.15 191.12
1659.21 191.84
1661.32 191.99
1716.08 191.98
1718.75 192.75
1718.89 192.17
1720.92 191.79
1771.34 191.69
1772.99 192.62
1775.80 191.16
1856.04 191.59
1857.35 192.79
1860.85 191.94
1894.74 192.95
1896.93 191.89
1898.05 192.70
1900.62 192.00
1942.07 192.70
1944.18 191.98
1945.47 190.86
2028.91 191.17
2033.10 191.79
2034.00 191.29
2116.79 192.58
2117.88 191.09
2118.84 192.08
2162.27 192.45
2163.44 192.25
2166.83 192.85
2169.11 191.75
2191.45 192.98
2194.92 192.70
2196.83 191.01
2231.16 192.08
2233.05 191.30
2234.62 192.87
2235.76 192.97
2239.16 191.25
2272.69 191.23
2273.78 191.46
2276.99 191.01
2312.72 192.25
2313.69 191.46
2315.98 191.19
2355.47 193.15
2358.21 191.66
2360.60 191.84
2376.82 192.29
2380.23 192.70
2381.26 191.17
2428.03 193.17
2429.42 191.61
2431.63 191.26
2435.02 192.57
2474.51 192.98
2475.56 192.18
2477.33 191.20
62.84 193.33
65.88 195.20
68.40 193.78
130.87 194.53
134.45 193.70
135.87 193.50
192.32 194.20
192.85 195.01
196.30 195.01
198.82 194.80
198.96 195.17
203.17 194.50
204.19 194.50
205.29 194.41
208.31 194.21
257.39 192.81
260.95 194.51
260.87 193.39
269.85 194.47
271.85 194.79
274.06 193.80
350.51 194.70
352.35 193.90
353.21 193.73
356.29 192.91
413.14 192.96
415.01 194.83
417.19 194.74
513.48 194.97
515.23 194.25
517.86 194.47
520.13 192.94
582.69 192.98
585.06 194.62
586.49 193.65
588.82 194.30
649.11 193.45
651.80 193.25
653.19 193.36
655.92 193.38
694.31 194.33
694.87 194.06
696.98 193.24
736.34 195.19
739.06 192.88
739.77 192.99
741.44 194.76
775.96 193.91
778.81 192.98
778.80 194.16
782.94 192.98
783.26 193.71
817.20 194.21
819.51 194.70
821.40 194.40
823.89 194.48
851.03 193.35
851.38 193.12
854.09 193.29
891.33 192.98
894.22 193.54
896.07 194.18
898.09 193.54
950.08 192.83
952.24 193.81
953.27 194.69
994.23 195.08
995.72 193.03
996.91 194.23
1009.12 194.09
1009.40 193.05
1012.99 193.50
1052.26 193.50
1054.20 193.72
1057.09 193.21
1101.88 193.17
1103.33 194.48
1104.86 194.02
1138.76 192.85
1140.91 193.99
1141.40 194.14
1171.35 193.03
1173.51 194.12
1176.52 194.14
1178.92 194.54
1212.01 194.64
1213.48 193.75
1216.23 194.77
1257.88 193.90
1259.19 193.76
1261.97 194.51
1263.63 192.94
1301.09 194.13
1304.57 194.89
1305.92 194.58
1308.54 194.41
1341.67 194.24
1344.87 193.91
1346.45 194.80
1347.24 194.52
1350.96 194.82
1384.26 193.90
1385.31 193.82
1388.06 194.00
1413.63 195.04
1415.68 193.08
1419.19 193.43
1418.88 193.00
1456.11 194.32
1457.24 194.97
1460.79 195.07
1462.35 193.47
1463.20 193.47
1568.44 193.56
1569.65 194.04
1572.92 193.10
1625.00 193.63
1626.08 193.87
1626.92 192.91
1644.95 193.17
1645.56 193.92
1649.11 193.77
1650.20 193.15
1652.47 193.64
1653.84 193.09
1655.25 194.16
1658.78 194.47
1715.35 194.22
1718.01 193.24
1719.44 193.17
1771.09 192.82
1774.65 194.04
1774.98 194.02
1855.17 192.96
1856.39 195.13
1856.87 193.10
1859.07 193.72
1894.06 194.68
1894.91 194.64
1898.25 192.94
1942.67 192.84
1942.94 193.69
1945.59 195.17
2028.83 193.52
2031.34 194.28
2034.06 194.84
2114.34 194.83
2115.70 195.17
2117.60 194.02
2120.49 195.07
2162.15 194.81
2164.04 194.04
2165.01 193.46
2167.40 193.53
2189.09 193.47
2192.91 193.77
2193.68 195.12
2195.82 192.86
2229.71 193.79
2230.81 193.84
2233.36 193.11
2236.66 194.73
2237.96 193.11
2270.97 194.74
2273.85 194.84
2276.79 194.99
2311.20 194.35
2312.16 193.79
2314.67 193.20
2315.54 192.82
2354.43 194.23
2356.81 195.19
2358.59 195.05
2379.08 193.96
2380.23 192.88
2381.04 193.87
2383.30 193.25
2427.60 194.33
2430.18 193.64
2432.21 193.96
2474.54 192.86
2475.76 194.14
2478.52 194.23
2479.40 194.27
64.47 196.15
65.19 194.96
67.19 194.94
70.07 196.12
130.06 196.37
130.88 195.81
133.08 197.16
136.94 195.27
192.06 196.35
194.70 196.10
195.10 196.31
197.58 194.83
199.13 194.94
201.70 194.82
204.19 196.24
257.05 195.79
258.36 196.28
260.91 196.71
261.60 196.95
269.54 197.19
270.97 195.35
274.01 194.90
350.21 196.81
351.33 196.12
353.56 197.15
411.44 196.44
414.60 195.50
415.70 195.21
511.12 196.20
514.71 197.13
517.12 196.41
518.92 195.55
581.47 196.71
584.19 196.44
586.25 196.37
587.94 195.10
650.44 196.63
651.59 194.92
654.83 196.01
656.96 194.89
691.65 195.82
694.94 194.96
697.03 194.98
698.45 195.38
735.20 196.34
735.98 194.94
738.36 197.18
739.70 195.51
743.12 195.98
777.15 195.63
777.39 195.50
779.51 195.60
782.00 196.70
817.30 196.08
818.92 195.76
820.96 196.63
846.81 196.55
849.39 196.88
852.83 195.67
854.24 196.80
889.92 195.18
892.01 196.68
893.07 194.97
895.28 196.52
899.11 195.49
947.82 195.77
949.40 195.75
951.55 196.42
953.63 195.94
991.59 194.81
993.79 196.80
996.03 196.60
1007.74 197.08
1010.57 195.74
1013.13 195.95
1050.26 195.83
1052.34 196.17
1054.99 196.89
1055.88 195.60
1098.80 197.10
1102.90 196.24
1104.14 196.47
1136.28 196.41
1136.93 195.29
1139.81 195.61
1142.64 197.19
1172.36 195.95
1173.46 196.22
1176.63 196.28
1210.97 196.15
1212.17 196.70
1214.89 195.72
1215.04 196.76
1257.60 195.46
1259.63 195.99
1261.80 196.32
1301.27 196.79
1303.54 197.04
1305.14 195.80
1340.15 194.80
1342.22 196.32
1343.62 197.15
1345.15 194.81
1346.83 197.11
1382.42 195.33
1384.20 194.84
1387.04 195.04
1387.42 195.58
1414.10 194.91
1415.24 195.77
1417.77 195.41
1455.16 196.01
1458.81 197.04
1459.23 196.04
1463.19 195.33
1566.13 195.01
1567.29 195.59
1570.36 196.38
1571.67 196.75
1622.88 196.15
1625.21 196.05
1627.24 197.13
1633.19 195.63
1635.19 196.72
1635.67 196.35
1637.65 196.05
1639.62 196.37
1641.09 195.07
1644.65 195.15
1647.10 195.89
1648.03 196.72
1649.57 197.04
1653.05 196.71
1655.20 196.21
1713.10 195.60
1717.10 196.39
1717.85 194.98
1721.06 196.60
1769.07 196.09
1773.18 196.16
1774.92 195.94
1776.21 196.34
1853.34 196.08
1856.54 196.98
1856.91 195.75
1893.39 196.58
1896.05 196.87
1898.41 196.03
1939.93 195.89
1941.89 197.07
1943.33 195.52
1945.42 195.54
2028.84 196.82
2031.07 196.69
2031.76 196.42
2034.30 196.57
2113.84 194.85
2115.96 195.47
2119.13 195.68
2119.81 196.99
2162.10 195.84
2162.81 196.84
2165.13 195.62
2190.90 196.62
2191.50 196.29
2194.72 196.24
2228.04 195.41
2230.79 195.87
2232.52 195.03
2233.11 196.58
2235.23 197.00
2270.43 195.39
2272.05 196.34
2274.80 195.51
2275.15 197.10
2309.25 196.44
2311.74 196.65
2315.05 196.83
2352.13 195.39
2353.01 195.27
2355.78 195.26
2380.15 194.98
2381.10 195.51
2383.49 196.39
2428.47 194.80
2429.38 195.61
2430.90 194.89
2474.91 197.03
2476.72 197.01
2478.19 196.77
2480.56 195.79
66.28 198.48
68.43 199.13
69.81 197.54
129.07 197.45
131.36 199.16
133.58 197.72
192.72 199.15
193.19 198.10
195.14 197.66
198.21 198.89
199.60 198.22
200.90 198.23
252.95 197.48
256.85 198.33
257.59 197.86
259.41 199.16
267.30 198.86
270.83 199.13
273.00 198.02
273.86 197.34
350.36 198.60
351.91 197.74
354.49 197.26
413.10 198.88
413.40 197.54
417.05 196.90
480.23 199.06
480.88 198.89
511.13 198.61
513.11 199.17
515.20 198.21
516.11 198.80
581.99 197.53
584.08 196.95
586.80 197.51
650.69 199.13
652.39 198.75
653.89 197.49
655.37 197.50
692.20 198.11
693.49 197.37
694.92 198.81
696.89 198.26
732.78 196.85
733.93 198.01
734.87 198.21
737.35 198.36
740.91 198.53
776.45 198.84
777.42 198.96
780.13 198.92
782.58 198.39
819.16 197.08
821.15 198.18
823.11 198.15
849.09 198.86
850.71 198.45
851.91 196.86
854.93 197.72
889.68 198.28
892.53 198.05
894.08 197.05
895.48 198.08
947.06 199.17
949.50 197.16
952.88 197.63
989.54 198.17
992.87 196.91
994.86 197.38
995.11 197.57
1007.30 197.19
1010.61 196.95
1011.27 197.93
1050.10 197.83
1051.03 197.70
1055.09 199.15
1100.14 197.28
1100.97 197.49
1104.10 197.06
1135.74 198.45
1139.04 198.87
1139.78 197.97
1173.19 199.13
1173.74 196.88
1176.60 197.59
1209.53 197.83
1211.23 198.83
1214.40 197.45
1257.38 198.34
1260.94 197.22
1263.05 197.26
1301.39 199.13
1303.89 197.06
1305.01 197.53
1340.10 198.60
1341.53 197.77
1343.21 197.93
1346.09 197.08
1383.18 196.96
1385.02 197.83
1385.79 197.53
1413.57 198.46
1416.17 196.88
1418.00 196.97
1454.91 197.31
1457.06 197.43
1456.91 197.31
1460.77 197.28
1462.60 198.96
1565.72 198.46
1569.15 198.44
1569.09 197.27
1624.04 198.11
1626.45 198.15
1628.78 198.94
1630.64 197.93
1632.39 198.28
1633.67 198.41
1636.66 197.92
1638.52 198.52
1639.67 198.21
1641.07 196.86
1644.25 198.46
1645.93 198.94
1647.26 198.02
1714.22 197.73
1716.65 197.33
1717.56 198.38
1719.95 197.44
1769.83 197.70
1771.17 197.23
1774.08 197.51
1854.20 197.60
1856.99 199.12
1859.13 198.32
1893.44 197.19
1895.23 197.73
1896.82 196.96
1939.06 198.13
1942.08 197.40
1944.05 199.00
1946.18 197.63
2028.93 196.81
2029.69 198.60
2031.54 198.62
2113.30 198.96
2114.81 198.28
2117.89 198.22
2161.77 196.88
2162.92 197.38
2165.01 198.66
2189.32 197.62
2191.20 197.14
2194.31 198.19
2229.02 197.12
2230.90 197.80
2231.10 196.85
2233.43 197.08
2268.92 198.27
2272.45 197.01
2274.58 199.07
2309.85 199.16
2311.35 198.02
2314.32 197.96
2350.51 197.30
2352.85 197.48
2353.28 198.19
2381.11 197.11
2383.02 197.14
2384.43 197.43
2386.51 197.16
2428.26 197.26
2430.90 197.35
2476.55 198.60
2479.09 198.68
2479.39 198.96
66.77 198.93
67.20 200.62
69.89 199.62
71.67 200.68
128.34 199.48
129.67 200.29
131.01 201.08
133.82 200.56
188.92 199.29
192.47 199.83
194.94 200.32
196.49 200.85
198.54 200.68
252.75 199.89
253.19 200.83
255.04 200.14
257.24 201.06
268.21 198.83
270.55 198.82
272.64 200.66
346.95 199.67
350.87 200.90
351.68 199.29
353.05 198.83
412.62 200.32
414.91 200.01
415.18 199.52
479.10 199.57
481.16 200.71
484.12 199.37
509.75 198.96
510.82 200.02
514.09 200.78
580.91 199.77
584.42 199.50
586.15 199.40
650.48 201.01
652.44 200.83
652.91 199.40
691.74 200.50
693.23 201.16
696.38 200.04
730.89 199.56
735.05 199.63
734.89 199.69
739.18 200.40
740.87 200.88
775.17 201.00
775.70 200.08
778.61 200.98
780.13 199.67
815.59 199.88
818.49 200.48
819.89 200.01
822.99 200.02
847.09 198.99
849.95 200.16
850.88 199.20
888.52 199.55
889.78 200.82
890.91 199.34
893.85 199.40
896.44 200.61
947.23 199.49
949.16 200.64
951.72 200.57
990.74 200.90
990.90 201.00
993.92 198.83
1006.99 200.73
1010.55 199.75
1049.02 201.05
1050.98 200.02
1051.32 198.85
1098.28 199.58
1100.32 200.71
1100.98 199.04
1134.57 199.49
1135.86 199.89
1138.85 199.44
1140.68 199.25
1170.99 199.64
1171.56 199.32
1173.56 200.10
1175.98 199.72
1209.97 199.04
1211.33 199.19
1213.83 199.55
1255.02 201.18
1258.12 199.54
1260.18 199.57
1261.96 198.96
1299.64 199.11
1303.05 200.74
1304.42 199.28
1305.56 199.72
1340.50 198.91
1342.33 198.84
1342.91 201.10
1346.79 200.16
1381.43 199.93
1384.67 200.60
1385.91 198.87
1413.81 199.00
1416.19 199.01
1418.23 199.16
1451.92 200.76
1455.00 200.98
1455.70 200.17
1458.35 201.12
1461.02 200.30
1463.09 198.89
1565.85 200.73
1566.94 199.57
1570.37 200.59
1622.27 200.19
1623.28 200.61
1625.60 201.19
1627.95 198.85
1629.83 201.00
1631.43 199.40
1634.71 199.52
1634.91 199.94
1637.54 199.21
1714.30 199.54
1716.94 200.45
1718.02 200.68
1718.95 200.37
1769.93 200.79
1772.99 200.90
1773.64 199.87
1852.83 200.05
1853.67 199.41
1855.92 200.19
1858.81 199.76
1891.63 199.83
1894.04 200.40
1895.19 198.94
1898.06 200.95
1939.64 200.18
1940.90 199.07
1943.56 200.33
2027.62 201.11
2030.36 200.97
2031.53 201.17
2114.68 201.14
2117.07 200.72
2118.83 200.27
2160.30 199.61
2162.79 199.86
2164.01 200.36
2166.35 199.83
2187.78 201.13
2190.46 198.91
2192.94 199.37
2194.50 199.82
2228.50 199.15
2230.14 200.95
2232.54 201.05
2234.95 199.55
2269.43 199.90
2271.20 199.71
2275.17 200.97
2307.58 200.40
2310.09 199.87
2312.56 200.30
2314.98 199.65
2349.27 199.46
2352.38 200.80
2354.56 199.00
2382.74 199.88
2384.03 199.66
2385.71 198.82
2475.72 200.64
2477.63 199.32
2480.26 199.99
65.84 203.05
68.74 201.16
69.13 202.32
72.85 201.93
127.55 201.72
129.71 202.19
131.56 201.63
186.62 202.52
187.64 200.85
189.83 201.96
191.82 202.97
194.30 202.85
197.18 202.35
198.57 201.19
249.20 202.20
252.67 202.45
254.72 201.06
255.71 201.41
268.86 200.92
268.88 202.85
272.67 202.76
347.97 202.90
349.82 203.02
351.07 202.39
411.26 201.60
413.79 201.06
415.52 200.96
479.03 202.65
479.21 201.66
482.81 201.54
508.45 202.74
510.44 201.67
512.52 201.52
581.00 201.10
581.13 201.64
583.35 201.27
585.90 201.26
649.11 201.88
652.13 201.51
653.04 201.23
691.90 200.83
695.15 201.32
695.76 201.27
728.85 202.92
733.05 202.04
735.04 203.15
736.02 200.92
738.58 201.66
740.15 202.63
773.07 201.46
774.86 203.05
777.52 201.99
779.00 201.61
815.94 201.49
817.93 202.33
821.01 202.27
848.53 202.38
849.13 201.43
852.47 202.47
887.18 202.22
888.45 201.49
889.72 201.22
892.16 201.22
893.72 202.04
895.87 200.97
948.43 202.34
950.61 202.67
952.03 202.99
988.22 202.80
989.56 201.57
992.35 201.63
1006.44 202.77
1007.52 202.65
1009.35 202.35
1045.41 202.77
1047.60 202.15
1050.06 202.87
1053.04 202.74
1095.56 200.84
1097.18 200.89
1100.80 201.74
1133.29 201.53
1136.08 200.83
1137.04 202.10
1171.06 202.02
1170.81 201.62
1174.61 203.05
1208.31 202.71
1209.83 201.55
1211.15 200.92
1213.57 202.00
1257.11 203.07
1258.52 201.36
1260.04 202.30
1301.05 201.61
1301.28 200.97
1303.66 202.14
1338.70 202.19
1339.52 201.83
1342.66 202.61
1343.68 202.40
1380.18 201.62
1380.84 202.00
1383.76 202.33
1385.91 203.19
1411.05 200.89
1413.90 203.12
1415.32 203.19
1417.70 201.61
1452.54 200.82
1452.93 200.86
1455.92 201.93
1458.53 202.58
1460.15 202.21
1564.17 200.98
1566.89 201.68
1568.32 201.03
1570.29 201.45
1621.75 201.04
1623.92 202.76
1625.38 201.83
1628.04 202.29
1712.11 202.71
1714.67 201.22
1716.23 201.35
1717.29 201.94
1719.47 202.48
1768.56 201.65
1769.32 202.56
1772.69 201.28
1772.81 202.08
1852.17 201.79
1853.98 201.02
1855.70 201.25
1892.19 201.83
1894.21 201.93
1896.75 202.48
1897.01 201.62
1939.02 201.03
1939.42 203.03
1942.41 202.21
1944.16 202.27
2026.14 200.99
2028.85 201.48
2029.05 202.32
2032.13 202.50
2114.43 201.39
2115.91 200.82
2118.85 202.17
2159.49 202.75
2161.45 200.98
2163.73 200.95
2188.93 203.09
2190.01 201.26
2190.93 201.44
2225.02 201.27
2227.43 203.05
2229.07 201.60
2231.48 201.70
2268.74 201.49
2268.98 201.62
2271.40 201.44
2273.67 202.68
2307.31 202.40
2309.81 201.57
2311.42 200.96
2348.53 202.50
2349.70 200.84
2352.58 202.05
2381.07 201.20
2383.08 202.39
2385.26 201.80
2476.07 202.30
2478.42 202.73
2480.93 201.48
66.95 203.90
70.83 203.32
71.72 204.91
73.21 203.64
127.12 204.45
127.21 203.09
130.51 204.05
132.32 205.13
182.85 203.17
184.00 204.99
185.28 204.55
188.83 203.90
189.76 205.19
191.79 204.07
194.51 204.96
196.16 204.27
198.48 205.17
245.62 203.91
248.47 203.14
248.83 203.79
251.62 204.24
252.83 204.82
265.07 202.94
268.60 204.52
270.48 203.79
270.84 204.50
295.03 204.10
347.15 203.79
351.11 204.86
352.99 204.72
411.91 203.33
415.18 204.53
416.03 202.91
475.75 202.86
478.82 203.84
479.81 203.40
481.76 203.65
504.95 205.10
507.26 204.43
511.10 203.65
513.14 203.51
580.77 204.71
581.21 204.10
585.16 203.93
648.81 204.44
649.09 203.54
651.27 203.68
654.71 204.95
691.28 203.76
693.77 203.84
696.36 204.85
728.48 203.78
728.85 203.43
733.03 204.59
734.78 203.68
735.72 203.89
738.12 203.19
774.47 205.05
775.85 203.83
778.76 204.56
815.08 203.56
818.92 204.74
819.46 203.46
847.31 203.88
848.83 204.01
851.56 203.24
885.21 203.33
887.14 203.21
889.02 205.03
892.06 204.12
893.57 202.95
894.97 203.79
947.40 204.33
950.66 205.11
951.96 204.28
986.10 204.60
988.50 203.48
990.08 204.86
991.80 205.12
1005.07 205.07
1008.10 205.09
1009.65 202.91
1042.83 204.13
1045.68 203.91
1048.85 203.73
1050.99 205.05
1095.78 204.24
1099.09 204.38
1100.68 204.29
1134.81 204.30
1136.53 204.35
1139.04 204.20
1169.87 203.70
1172.10 203.34
1174.67 204.36
1208.61 204.12
1211.19 202.97
1212.92 203.86
1255.29 203.58
1257.28 202.97
1261.08 203.44
1299.29 205.14
1301.43 203.44
1304.26 204.35
1338.76 203.65
1340.64 204.56
1342.09 202.87
1345.01 204.37
1378.87 204.64
1381.40 203.93
1382.92 204.38
1412.18 204.94
1413.76 204.25
1415.69 203.38
1417.73 203.78
1449.37 203.69
1452.00 203.56
1452.87 204.01
1455.34 204.43
1457.15 203.48
1460.15 204.20
1563.73 203.12
1566.74 203.15
1567.16 203.43
1621.69 204.14
1623.19 204.26
1624.96 203.81
1628.33 203.14
1711.39 203.02
1714.47 203.22
1716.86 204.43
1717.03 203.51
1719.03 204.93
1768.41 203.28
1769.47 202.99
1771.39 204.39
1851.04 204.58
1853.79 204.23
1855.92 204.26
1892.58 204.33
1893.53 203.29
1896.70 203.18
1898.53 202.80
1937.95 205.09
1940.22 203.16
1943.17 204.49
2025.67 203.27
2027.67 203.56
2030.21 204.18
2113.19 204.74
2116.90 204.93
2117.42 205.14
2158.81 204.01
2160.19 204.85
2162.33 203.60
2162.90 203.39
2188.51 203.06
2188.98 204.66
2192.83 203.60
2225.93 203.54
2227.68 204.01
2230.83 203.70
2232.25 203.38
2268.27 203.99
2270.70 204.95
2271.63 204.72
2309.00 203.67
2310.61 204.46
2310.97 204.42
2345.63 204.64
2348.75 202.99
2349.48 204.07
2382.67 203.75
2385.09 204.98
2385.59 204.52
2475.95 205.04
2478.66 205.06
2479.65 203.69
67.91 205.36
70.13 206.75
72.37 205.04
74.16 205.10
124.56 204.86
126.98 205.83
127.92 205.83
131.04 206.17
180.09 206.79
181.13 207.02
183.87 205.14
185.12 206.34
187.27 205.85
195.10 206.17
196.76 205.70
196.83 206.70
199.71 206.18
244.77 206.53
245.92 206.10
248.63 207.16
249.00 207.09
252.70 205.40
266.15 205.00
267.25 205.22
270.00 206.99
290.12 205.28
292.80 206.70
293.95 205.52
296.29 206.95
313.35 204.91
316.44 205.13
319.15 205.93
345.01 204.94
347.97 206.60
350.35 205.86
351.78 205.15
411.75 205.97
414.73 206.97
414.89 205.16
473.99 205.08
474.86 206.36
478.52 205.44
479.42 205.11
504.92 207.03
507.00 206.33
509.01 205.36
510.35 204.85
580.12 204.84
581.91 206.99
584.20 206.59
648.34 204.96
650.73 205.11
653.08 206.39
693.06 206.80
694.01 204.90
695.54 205.62
728.09 206.95
730.17 206.11
734.91 206.71
735.60 205.37
737.16 205.93
771.24 206.58
773.99 205.92
775.71 205.61
779.00 206.63
814.81 206.69
815.64 205.97
817.03 206.74
848.63 206.34
848.87 207.08
851.02 206.34
883.16 205.41
886.66 206.30
889.70 206.76
890.87 207.03
893.46 204.95
946.15 207.20
947.04 205.63
950.38 206.91
950.81 205.32
983.84 206.76
986.59 207.17
987.48 205.97
989.57 205.45
1006.84 206.46
1008.06 205.00
1009.12 205.86
1043.05 205.51
1044.07 206.02
1047.06 206.21
1047.13 205.09
1093.59 205.37
1095.82 205.49
1098.84 206.52
1131.68 205.63
1132.94 206.27
1136.13 205.16
1168.07 206.57
1169.69 205.62
1172.57 207.06
1174.95 206.93
1208.13 206.38
1209.83 206.49
1211.97 205.69
1255.11 206.68
1255.88 206.79
1256.81 205.41
1260.59 206.53
1299.07 206.10
1299.23 205.55
1302.77 205.65
1304.01 205.83
1338.04 206.85
1340.13 204.84
1340.87 206.28
1379.81 205.42
1381.91 205.62
1384.47 205.58
1411.32 206.76
1414.41 206.39
1416.68 206.74
1417.41 206.88
1446.98 206.50
1449.37 205.73
1451.43 205.08
1453.88 205.08
1455.51 207.07
1458.35 205.90
1460.30 205.85
1532.20 206.68
1534.89 205.93
1563.95 205.28
1565.30 205.07
1568.34 205.73
1621.75 206.18
1624.13 205.09
1626.77 205.55
1627.03 206.70
1709.88 204.94
1711.93 205.89
1714.74 206.81
1716.92 206.39
1716.91 206.03
1719.97 206.24
1766.83 205.78
1770.38 206.45
1770.81 205.59
1849.59 207.18
1851.71 206.07
1854.65 204.94
1855.64 205.65
1892.70 207.05
1893.14 206.13
1896.75 205.22
1897.41 205.55
1936.25 206.48
1938.40 205.48
1939.05 206.39
1941.13 207.01
1994.19 206.22
1996.25 206.83
2026.07 206.42
2028.28 205.75
2030.91 206.34
2113.17 205.49
2116.02 207.02
2118.78 204.84
2159.19 205.66
2159.86 204.86
2161.04 207.18
2186.29 206.93
2187.43 206.26
2190.99 206.08
2190.95 206.44
2226.01 204.93
2227.79 205.02
2230.00 206.74
2267.84 206.85
2271.19 205.85
2272.71 205.06
2305.22 205.61
2307.62 205.91
2309.66 205.28
2312.59 206.80
2344.13 206.05
2345.82 206.31
2348.81 205.36
2382.78 206.49
2383.13 206.21
2386.77 205.43
2387.30 204.85
2475.26 205.07
2476.92 206.56
2478.98 205.72
2481.33 206.90
70.76 209.13
70.90 207.24
73.96 207.44
74.86 207.67
123.38 207.76
124.81 208.57
128.99 209.10
178.89 208.34
182.96 208.93
182.96 208.11
185.23 208.18
194.97 208.89
194.85 207.64
196.95 207.71
199.23 206.97
241.62 207.30
243.21 208.26
245.04 208.54
247.36 208.51
250.85 208.96
266.40 208.36
267.59 208.00
270.06 207.80
286.04 209.15
287.06 207.89
290.92 208.39
291.53 208.84
294.74 208.23
295.36 207.62
313.06 208.01
317.10 208.17
316.85 207.07
345.71 208.84
347.46 208.91
350.19 208.60
412.46 208.51
412.95 208.16
416.52 207.55
416.89 208.39
471.72 207.59
474.32 206.95
476.17 209.06
479.02 208.81
502.85 207.75
506.86 206.91
508.17 208.85
577.86 209.06
580.46 207.30
581.48 207.34
584.25 209.08
648.30 207.73
649.28 207.70
652.13 208.58
691.40 208.46
693.54 208.86
696.31 207.13
726.02 209.00
728.09 208.01
731.08 208.10
733.22 208.79
735.75 208.43
739.17 208.24
771.52 208.28
774.32 208.59
775.76 207.55
814.48 209.14
815.16 207.79
817.57 209.16
847.93 207.15
850.69 208.91
852.37 206.91
881.38 207.85
885.02 207.05
887.00 207.66
890.31 207.48
892.16 208.93
893.83 208.11
946.96 208.72
949.00 209.11
949.07 209.08
951.24 208.03
982.36 208.49
984.50 208.05
986.35 207.26
989.17 208.81
1006.96 208.73
1007.17 207.52
1010.32 208.53
1041.25 209.19
1043.48 207.73
1046.60 207.57
1091.74 206.87
1093.70 209.09
1096.05 208.11
1097.99 207.50
1133.12 208.75
1133.37 207.64
1135.32 207.30
1168.88 208.32
1168.97 208.19
1171.01 207.57
1207.78 208.34
1209.49 208.81
1211.15 207.97
1253.86 209.09
1256.54 207.82
1259.14 209.08
1297.07 208.69
1300.00 208.84
1301.73 208.85
1336.63 207.92
1337.12 206.93
1338.90 208.37
1342.61 207.46
1378.45 207.40
1380.21 208.20
1381.82 207.57
1384.37 208.40
1413.04 207.09
1415.17 208.77
1415.30 207.12
1445.03 209.05
1448.98 207.95
1450.62 207.02
1455.04 207.85
1455.28 208.92
1456.88 207.54
1531.99 208.30
1533.05 209.02
1535.16 208.76
1562.86 208.03
1564.84 207.04
1566.58 207.41
1567.74 207.79
1621.27 207.61
1623.00 208.23
1626.90 208.82
1628.29 208.84
1666.42 207.32
1709.21 207.58
1712.64 209.11
1714.98 208.21
1717.03 208.68
1718.33 206.90
1720.78 207.08
1768.78 208.99
1769.75 207.64
1771.24 209.00
1849.11 207.85
1851.05 207.61
1855.15 209.15
1891.35 208.69
1892.97 208.24
1896.24 207.43
1899.09 208.94
1935.60 207.98
1938.60 207.28
1940.16 207.94
1994.11 207.43
1996.51 207.62
1998.57 208.34
2024.22 207.08
2026.14 208.24
2028.08 208.81
2030.70 207.43
2113.30 208.03
2116.06 208.47
2117.04 207.52
2157.16 208.33
2158.22 207.02
2160.30 208.19
2162.39 208.66
2185.30 208.47
2187.69 207.26
2189.58 208.17
2223.82 207.62
2225.27 206.81
2228.10 208.15
2230.50 208.82
2265.04 208.72
2268.80 207.52
2269.28 206.83
2272.33 206.85
2306.68 208.13
2307.16 207.23
2309.23 206.87
2342.33 208.07
2342.81 209.11
2347.16 208.46
2348.47 208.00
2382.40 209.20
2383.18 208.81
2386.24 207.86
2388.65 209.18
2476.63 207.62
2477.88 207.89
2479.86 207.28
2480.95 208.54
70.88 209.25
74.36 209.00
74.84 211.18
77.38 209.13
121.81 211.17
124.88 210.63
125.48 209.72
127.47 208.93
179.37 210.90
180.88 210.39
195.97 209.23
197.00 210.52
198.93 208.84
201.93 208.87
237.43 210.09
240.11 210.17
242.76 209.48
244.64 210.77
245.82 209.08
264.17 208.94
266.35 209.07
268.03 209.28
269.97 210.43
284.54 210.48
285.80 210.27
289.13 209.00
289.64 208.99
291.71 209.67
293.97 208.87
315.07 208.85
316.20 209.31
318.16 209.07
319.90 210.46
344.14 209.84
346.78 210.05
348.01 210.87
349.36 211.13
411.38 209.58
413.63 208.95
415.84 209.74
417.00 209.13
470.09 209.31
473.01 208.83
473.72 209.21
474.86 209.15
502.53 210.81
503.05 209.11
506.25 209.46
506.81 209.03
578.27 210.99
579.96 209.93
583.05 210.48
646.60 209.19
647.15 210.52
648.93 210.65
652.91 210.59
691.61 210.40
694.15 209.50
695.08 209.37
723.15 209.14
725.75 209.70
728.26 209.18
731.07 209.49
733.65 210.81
736.83 209.91
772.76 210.18
773.24 209.72
777.03 210.18
814.10 209.28
817.02 209.94
816.95 210.44
847.80 209.62
849.56 210.83
851.14 210.07
880.08 210.36
882.82 209.68
884.68 210.08
887.57 208.93
889.52 209.99
892.11 209.92
894.77 209.39
945.53 210.47
948.96 210.30
950.55 210.55
951.35 210.73
979.64 210.27
982.60 208.99
983.88 209.14
986.85 210.89
1006.58 210.25
1006.97 210.59
1010.58 209.00
1039.10 210.91
1043.00 210.74
1043.30 210.23
1045.34 209.23
1089.08 210.70
1093.01 209.60
1093.84 209.88
1095.12 209.97
1131.92 210.09
1133.88 210.68
1136.57 211.13
1168.98 209.64
1169.83 208.80
1171.10 210.21
1205.93 209.29
1207.00 210.40
1208.98 208.93
1230.65 209.08
1253.09 209.57
1255.70 209.10
1257.20 208.96
1276.14 209.56
1278.20 210.50
1298.98 209.75
1299.49 209.64
1302.61 209.90
1335.11 210.00
1337.84 210.99
1339.03 211.17
1378.05 211.13
1380.36 209.60
1382.75 208.93
1412.64 209.20
1414.66 210.63
1415.79 210.28
1418.01 209.25
1444.81 210.19
1448.12 210.61
1454.78 210.30
1456.69 209.10
1458.92 210.05
1531.42 209.77
1534.51 209.14
1535.03 209.67
1563.18 210.28
1564.62 210.88
1566.44 209.53
1624.12 210.15
1626.55 208.88
1627.90 209.54
1662.85 210.83
1666.79 210.45
1667.19 210.91
1682.00 209.48
1683.85 210.61
1707.64 210.84
1710.98 210.93
1711.27 210.48
1716.86 209.42
1717.61 210.90
1720.54 211.09
1744.65 211.09
1744.93 209.06
1747.70 209.68
1766.91 209.56
1767.90 210.38
1769.49 210.54
1789.50 210.22
1848.85 208.94
1852.16 210.06
1855.10 210.66
1872.52 210.93
1873.55 211.15
1893.36 209.21
1895.21 208.82
1899.18 209.53
1933.96 209.70
1935.07 210.97
1937.15 209.16
1940.88 210.76
1994.19 211.04
1996.69 209.79
1998.78 209.53
2023.98 209.20
2026.72 209.85
2028.55 210.18
2114.29 210.87
2116.24 211.14
2117.21 209.78
2120.50 210.35
2154.57 210.32
2156.84 210.16
2157.87 209.68
2160.18 210.30
2184.91 210.76
2188.77 210.58
2190.13 209.62
2223.58 210.28
2225.46 209.62
2228.50 210.83
2266.14 210.12
2267.19 210.02
2270.74 208.88
2306.77 209.18
2308.48 210.84
2310.57 209.32
2326.88 210.88
2330.08 210.78
2341.11 210.97
2342.70 210.23
2344.72 210.71
2345.32 211.03
2382.77 210.81
2384.89 209.97
2385.67 209.98
2475.77 210.71
2478.73 209.76
2479.42 211.15
2482.80 209.67
71.03 211.73
73.84 210.91
75.71 211.66
78.25 212.22
80.31 212.66
119.70 212.30
123.14 211.94
124.84 211.94
126.45 212.49
197.13 211.94
198.49 211.85
199.36 212.85
202.92 211.95
205.03 212.71
233.58 212.05
235.69 211.05
237.52 211.31
239.00 211.90
243.15 212.43
243.83 212.83
263.90 211.58
266.47 212.41
267.72 211.87
279.25 212.86
282.00 212.76
284.90 211.00
285.99 211.67
288.67 212.25
290.97 212.21
316.02 211.65
317.01 211.51
319.05 212.71
345.13 211.83
346.64 211.29
347.48 211.20
414.94 211.98
414.89 213.09
417.61 211.80
420.01 213.08
466.78 211.64
468.38 211.38
469.80 211.81
473.01 212.29
473.66 212.69
502.77 211.47
504.29 211.47
506.44 212.97
577.10 212.19
579.43 211.98
582.83 211.81
644.87 211.90
648.67 212.53
649.59 212.46
692.20 212.76
692.98 211.50
697.18 212.54
721.63 211.61
724.22 210.81
725.48 212.22
731.96 211.46
734.18 211.41
736.82 211.10
753.00 211.01
770.91 211.09
771.03 211.08
774.23 212.73
775.33 212.74
811.69 212.40
814.19 212.56
815.14 212.59
833.12 211.37
835.01 211.43
847.14 212.56
850.82 210.98
851.04 211.06
877.24 213.04
879.32 212.29
882.04 210.97
889.01 213.11
888.91 211.85
891.72 212.12
907.43 213.06
909.57 212.76
946.09 211.56
948.26 211.70
949.88 212.68
951.37 212.56
977.83 211.39
980.62 211.70
983.04 212.67
983.14 213.09
1005.53 212.65
1007.79 211.65
1010.11 210.84
1037.28 211.35
1039.62 211.20
1042.07 213.18
1044.40 212.60
1089.31 212.19
1092.82 212.02
1093.33 212.52
1130.48 212.54
1131.24 212.93
1133.33 212.13
1149.04 211.62
1151.40 212.87
1165.18 211.16
1167.77 211.68
1170.50 212.18
1172.18 212.01
1185.81 212.70
1189.16 211.01
1205.82 213.17
1208.43 212.27
1210.51 211.89
1227.30 211.74
1229.58 210.80
1232.14 211.98
1251.51 212.33
1253.44 211.24
1254.97 212.62
1258.01 212.41
1275.04 212.27
1279.13 212.16
1280.86 211.50
1296.42 211.19
1298.56 211.14
1300.04 211.55
1303.19 211.10
1314.96 211.70
1317.27 212.90
1337.18 212.48
1338.54 211.39
1340.88 210.89
1377.25 210.88
1379.79 213.13
1382.20 211.59
1398.50 212.79
1410.80 212.18
1413.74 211.29
1415.50 211.98
1417.83 212.74
1444.47 211.18
1446.85 212.86
1447.66 212.71
1451.19 212.92
1454.17 211.22
1455.40 213.18
1458.59 212.60
1532.48 212.12
1533.88 212.03
1534.92 212.04
1536.80 213.06
1558.92 211.51
1561.42 213.15
1563.07 211.31
1565.67 210.94
1624.05 211.36
1625.29 212.94
1627.38 211.26
1662.42 212.60
1664.50 210.86
1666.17 212.94
1668.46 212.50
1680.81 211.35
1683.25 212.58
1685.75 211.11
1708.48 211.47
1709.88 213.05
1712.95 210.97
1715.83 212.06
1716.89 213.05
1719.30 212.45
1743.10 212.97
1743.76 212.80
1746.00 212.21
1749.11 210.97
1765.09 211.65
1767.91 211.60
1770.84 213.14
1788.70 212.44
1789.38 211.81
1791.41 212.28
1847.12 212.75
1848.92 210.91
1852.55 212.70
1854.24 211.16
1871.40 210.92
1873.72 210.97
1874.91 212.39
1893.20 212.52
1895.29 212.63
1898.20 212.54
1932.63 213.12
1933.97 213.02
1935.27 211.54
1938.83 211.42
1993.33 210.82
1994.83 212.25
1998.29 212.20
2000.73 212.29
2022.07 212.69
2022.96 211.85
2025.74 211.85
2028.17 210.97
2113.09 211.39
2115.88 212.22
2118.56 211.43
2120.89 211.25
2154.73 211.32
2154.92 212.75
2158.56 211.59
2160.73 212.70
2183.39 212.26
2185.72 210.95
2188.19 211.66
2190.20 212.50
2205.16 212.46
2205.16 213.04
2225.03 213.04
2225.97 211.47
2227.05 212.45
2266.60 212.35
2267.40 211.56
2269.37 212.75
2286.78 212.29
2304.35 212.80
2306.99 212.55
2307.04 213.00
2310.48 211.01
2327.97 212.33
2330.27 211.63
2333.10 211.42
2337.41 211.85
2340.49 211.01
2342.08 211.50
2343.48 211.94
2381.25 211.09
2384.36 213.20
2386.12 211.71
2475.15 211.18
2477.14 212.62
2479.77 213.15
2482.01 211.78
73.91 214.50
76.95 213.76
77.89 213.30
80.56 213.84
81.83 213.33
118.97 215.20
118.93 213.70
121.14 215.13
123.20 214.00
198.82 214.99
199.35 213.45
202.97 213.84
204.91 214.76
207.02 213.16
230.02 213.78
232.95 213.20
235.06 214.00
236.33 212.95
239.16 212.95
239.78 213.63
264.29 214.31
266.54 214.94
268.31 213.64
276.20 213.07
278.89 214.91
279.07 213.24
281.02 214.95
284.96 214.16
286.32 213.57
316.74 213.82
318.53 213.80
319.79 213.25
322.71 214.43
341.41 213.67
344.30 213.72
345.54 212.90
349.01 213.48
413.84 214.66
416.10 214.39
416.97 213.42
419.52 214.41
421.39 213.82
464.35 214.14
465.36 214.43
468.90 214.41
469.88 214.15
471.99 213.25
501.00 214.65
500.83 214.46
503.36 214.39
505.71 214.77
577.11 212.93
577.34 213.20
579.12 213.43
582.68 213.06
645.74 213.64
648.59 215.13
648.99 214.18
691.50 212.93
694.07 214.23
695.95 212.97
720.01 214.89
722.79 214.30
723.37 214.82
731.42 214.65
732.96 214.54
736.79 213.00
748.88 214.21
752.74 214.82
754.52 214.67
769.89 214.74
771.92 212.88
773.08 213.25
812.83 214.30
814.28 214.90
816.32 214.69
830.97 214.28
831.45 213.18
833.87 214.90
848.01 214.41
850.56 214.67
851.86 215.03
876.01 214.57
876.83 214.47
879.93 212.84
887.88 214.87
888.85 215.17
890.90 213.77
905.95 213.67
907.57 213.64
909.72 212.89
946.98 214.05
947.27 214.32
949.59 212.96
952.92 214.12
976.36 213.13
977.78 214.34
979.71 215.03
982.28 213.93
1004.94 214.03
1008.16 213.06
1010.30 213.27
1033.31 215.08
1035.20 214.77
1038.80 214.02
1040.48 214.72
1041.95 215.09
1089.03 215.06
1089.98 213.80
1092.56 213.16
1130.38 213.68
1131.67 212.90
1134.90 213.42
1148.22 215.11
1150.59 214.50
1151.49 214.65
1164.85 213.51
1167.57 214.26
1170.94 214.24
1183.66 212.84
1186.98 214.76
1187.41 214.67
1206.31 214.71
1207.99 212.83
1210.60 215.06
1226.34 214.41
1227.62 214.68
1230.14 215.00
1232.02 213.65
1253.00 213.47
1253.75 214.66
1255.17 213.90
1274.57 214.84
1276.48 213.45
1278.89 213.78
1295.40 214.24
1297.70 215.17
1301.06 214.97
1313.69 214.91
1316.96 213.07
1317.68 213.62
1333.25 213.95
1334.84 213.20
1338.32 214.39
1339.62 214.14
1378.51 215.04
1379.40 215.01
1381.24 213.53
1395.01 213.86
1397.63 214.92
1400.06 214.48
1412.26 213.86
1414.62 214.01
1414.81 212.95
1417.05 213.32
1440.90 213.98
1445.10 212.91
1446.79 213.25
1452.99 213.99
1453.91 214.64
1455.13 214.92
1533.21 214.13
1534.94 213.43
1538.64 214.28
1559.14 213.26
1562.43 215.09
1564.24 213.10
1624.20 212.95
1626.19 212.90
1626.92 214.72
1629.60 213.09
1659.67 214.31
1661.27 212.94
1662.91 214.51
1666.45 213.48
1681.59 213.73
1684.43 214.38
1687.20 212.86
1706.57 214.72
1708.16 213.88
1709.87 213.14
1717.07 213.01
1717.11 213.23
1719.19 214.51
1722.05 213.84
1741.98 214.07
1743.28 214.78
1746.72 214.03
1766.93 213.66
1767.98 214.78
1771.13 213.70
1786.41 213.63
1787.56 212.89
1790.59 214.50
1792.49 213.26
1849.19 213.09
1848.81 214.84
1850.97 212.89
1869.58 215.09
1871.47 213.00
1874.43 213.36
1894.88 214.02
1896.11 214.79
1899.03 213.16
1899.44 213.42
1929.76 213.59
1933.04 213.39
1934.70 213.31
1935.82 213.82
1996.03 213.71
1999.02 215.10
1999.09 213.84
2020.97 214.36
2024.89 214.45
2026.44 212.96
2117.13 214.48
2118.63 214.13
2119.96 214.02
2152.12 214.23
2155.00 215.06
2156.94 213.69
2157.34 215.19
2183.94 213.45
2185.26 212.85
2188.65 213.69
2202.82 213.21
2203.90 214.81
2205.01 214.24
2221.46 213.11
2223.96 213.62
2227.02 213.27
2228.07 215.06
2267.19 213.83
2268.47 213.87
2270.50 214.95
2284.04 212.94
2285.34 213.66
2288.07 212.82
2303.80 212.91
2305.48 213.26
2308.33 212.85
2325.69 213.54
2328.96 214.22
2330.98 213.16
2335.96 215.03
2338.96 213.77
2340.41 214.12
2341.59 214.20
2382.69 214.73
2384.78 214.23
2385.54 213.69
2424.16 214.52
2475.00 213.13
2478.30 214.82
2479.70 214.64
76.19 215.21
77.76 215.92
80.20 216.63
82.53 216.43
85.08 216.65
113.42 216.02
115.99 216.27
116.98 215.44
120.96 216.15
122.87 215.77
199.61 215.22
201.42 217.10
203.69 216.42
205.77 216.71
208.23 217.05
210.42 215.87
224.29 216.56
225.24 214.98
228.43 215.37
230.46 216.61
232.00 216.83
234.93 216.64
236.63 216.86
238.83 216.75
262.03 215.80
264.61 216.75
267.15 216.21
267.40 216.87
273.12 216.43
273.68 217.03
275.94 214.98
277.54 215.66
281.11 215.60
282.76 215.07
317.39 216.21
320.65 215.82
323.20 215.15
341.11 215.36
343.81 215.73
346.54 216.44
415.68 216.98
417.19 216.13
421.12 214.95
421.08 216.37
423.45 215.69
460.75 217.08
461.49 215.49
463.57 217.09
464.94 216.17
467.51 215.06
469.95 216.03
499.41 214.86
500.92 215.39
503.46 216.54
575.40 214.82
578.42 215.36
579.81 215.95
643.52 217.05
645.77 215.67
648.73 215.82
649.60 216.24
691.70 215.11
695.12 214.92
696.78 215.50
697.86 217.08
718.55 215.94
720.25 217.20
721.23 216.10
730.95 214.92
732.72 216.15
734.33 215.10
735.35 216.47
747.71 216.18
748.91 217.19
751.74 215.05
770.19 215.84
773.01 216.19
774.05 215.39
812.74 215.52
813.18 215.91
816.69 215.81
828.39 217.07
829.61 216.20
831.30 215.26
833.23 215.93
849.18 216.32
850.85 215.05
852.27 215.17
854.25 216.98
873.01 215.41
877.06 215.56
877.70 215.52
886.96 216.04
890.76 215.86
892.41 216.30
903.78 216.35
905.55 215.44
907.11 216.43
947.82 216.47
949.87 216.88
952.92 214.92
974.28 216.59
977.15 217.12
976.85 216.92
979.39 216.42
1005.02 215.63
1007.65 215.87
1009.13 215.26
1013.14 216.64
1032.11 216.51
1034.32 216.04
1036.40 216.41
1038.62 216.38
1039.71 215.27
1085.16 214.98
1085.75 215.42
1088.12 216.00
1090.29 215.80
1129.47 215.05
1132.75 216.59
1134.34 216.37
1145.36 216.91
1146.93 215.68
1149.65 215.50
1153.16 216.77
1167.15 217.00
1168.59 216.49
1169.96 215.50
1183.13 216.04
1185.14 215.00
1186.58 215.08
1187.19 216.29
1205.76 215.97
1207.38 214.90
1209.63 216.66
1225.08 215.96
1226.03 215.02
1228.00 216.55
1229.76 217.19
1252.50 215.61
1255.13 214.91
1256.57 216.30
1272.60 215.80
1274.03 215.05
1276.10 215.08
1294.96 216.72
1297.52 216.23
1300.83 215.12
1312.71 216.86
1313.20 215.76
1317.19 215.55
1317.49 216.94
1334.34 215.82
1334.83 216.28
1337.11 216.33
1374.89 216.01
1378.98 217.10
1379.28 215.14
1382.20 215.32
1393.79 216.42
1395.75 215.15
1399.03 215.41
1413.67 217.03
1416.20 217.15
1417.07 215.15
1437.25 216.28
1438.87 215.80
1442.57 215.49
1444.87 216.02
1451.39 216.95
1454.91 214.88
1457.16 215.94
1472.06 215.21
1534.85 217.03
1535.73 217.10
1538.96 216.16
1540.91 217.10
1558.63 215.94
1561.10 216.93
1560.88 216.23
1564.50 216.92
1624.10 215.46
1625.25 214.97
1627.29 216.21
1630.05 215.96
1658.83 216.68
1659.50 214.97
1660.81 215.22
1662.94 216.05
1681.59 215.04
1684.94 214.97
1686.01 214.84
1703.14 217.00
1705.52 216.09
1708.88 215.09
1717.57 214.82
1719.70 215.84
1721.51 217.19
1739.26 215.34
1741.06 215.73
1744.05 216.00
1765.66 215.38
1768.93 215.30
1769.62 215.32
1784.00 216.71
1785.20 215.79
1788.46 216.05
1789.76 216.25
1847.57 216.68
1850.58 216.01
1851.10 216.76
1869.17 216.30
1870.03 216.86
1872.14 214.91
1894.01 216.94
1895.23 214.86
1898.78 216.39
1899.08 215.88
1928.52 215.68
1928.91 216.62
1932.77 216.49
1934.93 216.27
1936.85 215.54
1994.90 216.89
1998.49 215.74
1999.78 216.71
2002.85 215.67
2020.83 215.04
2022.88 215.26
2023.66 216.23
2025.31 215.90
2116.92 216.44
2117.07 215.02
2120.96 215.72
2121.67 215.59
2149.27 216.73
2152.14 215.29
2153.51 215.92
2157.13 215.63
2183.04 216.17
2185.63 217.13
2189.13 216.71
2200.74 215.60
2201.42 215.55
2205.04 215.56
2205.38 215.83
2222.08 215.99
2224.27 217.11
2225.33 215.78
2263.49 215.77
2265.80 215.03
2268.02 216.43
2270.87 215.88
2282.06 215.83
2283.12 215.36
2286.37 215.69
2302.89 216.99
2305.91 216.12
2308.00 215.74
2323.38 216.96
2327.07 216.95
2328.47 216.21
2333.91 215.12
2335.40 216.54
2338.43 216.34
2339.20 214.92
2380.07 216.63
2382.39 216.21
2385.18 214.81
2386.22 215.30
2420.45 214.84
2421.02 216.59
2424.67 214.87
2426.45 216.02
2476.69 215.73
2477.08 215.74
2478.94 216.86
77.86 218.68
78.82 217.42
82.41 217.25
85.15 218.10
86.30 217.72
86.94 217.35
112.00 218.16
113.45 219.01
117.12 217.61
119.12 217.22
120.67 217.62
201.95 217.35
203.54 216.88
206.07 218.11
208.93 218.07
210.40 217.21
212.04 217.74
214.05 217.96
214.84 218.74
218.68 218.89
220.73 217.66
222.63 217.91
223.58 218.93
226.42 219.00
227.02 219.02
229.49 218.57
232.75 217.79
235.11 217.89
262.05 218.12
265.06 218.09
266.32 218.70
269.47 217.84
271.81 217.62
274.06 216.94
275.16 216.82
277.23 218.65
280.26 219.19
317.36 218.07
320.57 217.82
322.63 217.81
324.68 217.95
340.58 218.84
342.96 218.19
345.04 217.16
345.58 218.93
417.07 218.02
419.26 217.00
420.92 218.20
424.63 217.89
425.24 217.92
427.14 217.23
454.93 218.92
457.29 219.15
459.19 217.09
463.06 217.89
464.07 217.73
464.97 218.69
500.02 217.36
501.40 218.81
504.99 218.96
575.08 218.04
577.21 217.14
580.74 218.36
644.59 218.53
644.87 218.67
648.58 217.11
691.80 216.83
693.35 217.94
694.91 217.81
697.45 217.60
699.11 216.96
713.73 217.39
716.81 217.32
718.04 219.10
718.87 217.87
729.05 218.16
731.47 217.45
734.53 218.93
736.88 217.04
746.15 218.96
748.17 219.04
750.48 217.78
768.58 216.84
771.07 217.26
772.28 218.69
772.85 218.68
811.80 218.95
814.35 217.92
816.73 216.97
825.53 217.89
827.34 218.10
828.80 217.54
832.23 217.52
848.72 218.15
850.79 217.98
851.34 216.88
853.79 217.24
854.84 217.99
869.62 218.55
871.36 218.47
874.49 217.35
876.41 219.04
889.07 219.12
889.86 218.92
891.84 217.72
903.16 218.06
904.55 218.09
904.91 217.32
907.25 217.12
947.71 217.12
950.09 218.00
951.41 217.47
953.28 218.60
970.77 219.12
972.11 216.85
973.02 216.96
975.74 217.79
978.45 217.31
1008.17 218.64
1008.87 217.54
1011.41 218.65
1030.39 218.72
1032.66 218.97
1033.55 218.84
1036.64 218.09
1081.89 218.42
1084.74 218.27
1086.76 218.86
1087.30 218.80
1131.06 218.18
1133.18 216.93
1134.61 219.19
1144.26 217.59
1146.59 219.11
1148.72 218.63
1150.23 218.33
1166.56 217.97
1168.76 217.53
1170.94 218.53
1181.02 217.37
1181.68 216.84
1183.05 219.00
1185.99 218.91
1205.52 217.03
1207.33 218.14
1209.66 218.45
1221.21 217.36
1223.80 217.56
1225.45 217.72
1227.45 218.51
1250.85 218.11
1254.86 217.35
1255.80 218.69
1269.25 217.65
1272.67 218.84
1273.18 217.47
1296.41 218.46
1297.43 217.04
1299.94 218.55
1309.97 217.05
1312.91 217.11
1313.13 219.10
1315.13 217.56
1334.48 217.98
1335.88 216.90
1338.08 218.60
1375.56 217.58
1378.43 217.13
1381.02 218.01
1391.89 218.58
1394.31 217.47
1396.08 218.46
1414.30 217.45
1415.08 217.25
1418.11 218.06
1420.35 217.98
1436.36 217.70
1438.15 217.25
1440.28 216.84
1442.66 217.77
1450.86 217.03
1452.28 218.43
1453.37 218.73
1456.65 217.75
1467.91 219.09
1469.99 217.85
1472.90 218.60
1535.33 218.76
1538.32 218.39
1540.04 218.61
1542.42 218.03
1557.07 216.81
1557.01 218.43
1559.19 217.24
1561.53 217.40
1625.48 217.21
1628.15 217.75
1630.01 218.02
1631.74 217.77
1653.30 216.85
1655.10 217.16
1658.98 218.65
1659.08 217.34
1661.79 218.59
1684.77 218.52
1685.07 216.82
1687.71 218.37
1702.15 218.16
1703.20 218.34
1706.51 217.64
1706.93 218.45
1718.29 217.26
1720.68 218.90
1722.27 217.17
1724.17 217.50
1739.05 217.09
1740.67 218.67
1742.89 218.42
1744.14 217.33
1765.07 217.41
1767.39 219.18
1770.37 217.81
1782.62 218.13
1783.43 218.13
1785.65 218.92
1789.10 218.42
1848.78 217.50
1849.42 218.32
1850.91 217.34
1864.90 218.95
1868.15 218.71
1870.89 218.67
1895.01 218.71
1897.89 217.91
1900.05 218.42
1901.75 217.04
1926.44 217.57
1927.69 218.05
1929.25 219.00
1931.97 217.86
1933.03 218.20
1997.54 218.30
1999.82 216.95
2002.39 216.83
2003.92 218.29
2017.74 218.22
2020.33 217.50
2021.45 217.93
2025.01 217.73
2116.59 217.65
2116.84 217.33
2120.34 219.01
2121.53 218.44
2123.21 217.64
2144.88 217.53
2147.19 218.37
2149.36 218.01
2153.18 218.05
2154.81 217.63
2183.48 218.91
2185.09 216.97
2187.75 218.86
2199.06 218.95
2200.03 218.71
2202.85 218.14
2204.82 218.61
2223.10 217.15
2223.85 217.97
2225.27 216.88
2264.64 218.52
2265.82 217.50
2269.07 218.68
2279.40 217.43
2283.14 218.41
2283.27 218.38
2304.30 217.93
2306.25 219.08
2307.45 218.94
2322.19 217.85
2323.67 217.11
2326.71 217.38
2329.13 217.95
2332.84 218.59
2333.76 218.32
2336.89 217.03
2338.69 219.10
2349.41 217.89
2352.12 217.95
2353.58 217.89
2377.95 218.42
2379.16 218.59
2382.33 217.86
2383.91 218.04
2417.98 217.92
2420.88 218.12
2421.58 219.03
2423.50 218.09
2426.86 218.85
2427.61 217.62
2474.57 219.08
2476.07 218.91
2478.02 218.82
2479.88 218.99
79.40 219.16
82.46 219.77
82.93 220.00
85.98 218.80
87.28 220.52
90.26 220.08
91.04 218.92
93.76 220.81
105.31 220.61
107.47 219.30
110.11 218.98
111.92 219.54
114.75 218.99
116.36 221.06
118.59 221.00
204.06 219.84
206.95 220.37
208.10 219.20
208.82 220.62
211.34 219.68
215.20 219.82
215.52 220.43
218.82 220.14
219.56 220.20
221.26 219.18
222.97 219.90
226.73 221.11
228.83 220.52
230.61 219.11
262.19 220.34
264.39 219.38
265.50 219.24
267.88 220.74
270.75 219.73
273.04 220.53
274.05 219.26
277.16 220.41
319.51 220.80
320.93 220.14
322.81 220.42
326.42 219.11
327.96 219.32
336.03 220.86
338.27 219.17
339.75 219.93
342.20 219.67
343.29 219.86
419.05 220.49
423.07 219.96
424.03 219.36
426.21 220.81
427.96 219.43
430.71 218.85
431.01 219.59
434.06 219.26
434.98 219.78
448.40 220.14
449.06 221.13
451.31 220.60
454.13 220.08
455.20 219.92
458.25 219.99
460.80 220.85
461.28 220.73
463.93 219.48
498.92 220.02
501.53 220.76
504.58 219.67
574.31 220.61
575.97 218.88
577.92 219.19
579.52 220.81
645.07 220.22
645.63 219.92
647.53 218.89
693.75 218.85
696.84 219.18
697.38 220.56
700.42 219.86
700.92 219.43
711.09 219.97
712.30 218.93
715.14 220.57
716.16 219.12
718.95 220.62
730.18 218.91
731.72 219.21
733.52 219.79
735.78 219.87
741.02 218.81
744.47 221.05
745.12 219.47
747.37 220.54
749.15 221.06
766.92 219.87
768.87 219.66
771.55 221.01
812.53 219.90
814.27 221.12
815.03 218.90
824.98 219.69
826.26 219.94
827.88 220.52
830.28 221.02
850.02 219.70
851.69 219.08
854.00 219.79
856.61 220.90
858.27 220.77
866.00 219.61
867.87 218.87
868.99 219.39
871.95 220.99
875.18 220.46
888.33 219.40
889.32 220.45
891.04 219.31
896.85 219.12
898.88 220.05
902.36 219.68
903.75 220.05
907.11 221.15
947.69 220.35
950.91 219.94
951.07 220.57
953.81 219.48
956.68 220.97
965.94 220.07
968.28 218.90
969.24 219.00
972.81 219.39
973.50 219.23
975.45 219.84
1007.19 219.39
1010.65 220.43
1013.03 219.69
1013.10 219.93
1015.52 220.29
1025.06 219.65
1027.08 219.54
1028.93 219.51
1030.90 218.94
1032.72 220.72
1033.21 220.26
1077.91 219.03
1080.31 220.64
1082.54 221.10
1083.96 219.17
1087.03 219.31
1130.65 220.92
1131.00 220.21
1135.18 219.80
1140.80 220.83
1143.25 221.15
1146.69 219.57
1148.75 218.91
1166.05 221.04
1168.51 219.61
1170.25 220.92
1178.25 220.71
1179.98 218.96
1182.09 220.57
1184.06 220.15
1206.70 219.59
1207.12 219.50
1208.86 220.11
1211.90 221.05
1217.88 219.29
1221.19 220.33
1221.40 219.42
1222.98 219.25
1226.75 219.67
1251.28 219.09
1254.66 220.07
1255.81 220.58
1259.16 219.67
1266.69 220.06
1266.90 219.87
1270.49 220.32
1272.46 219.15
1274.83 219.46
1296.96 220.42
1297.50 220.21
1300.57 219.57
1307.73 221.01
1310.40 221.16
1310.94 219.16
1314.16 219.64
1332.06 218.93
1333.19 221.03
1335.59 220.65
1339.15 220.98
1376.61 220.01
1378.11 219.21
1379.35 220.57
1382.28 219.88
1388.45 219.26
1388.82 219.52
1393.01 220.56
1394.57 219.56
1416.65 220.43
1417.13 219.21
1420.03 220.33
1422.64 220.66
1422.87 220.50
1431.52 220.04
1434.60 220.17
1435.81 218.89
1439.19 220.31
1439.59 218.81
1450.97 220.20
1451.32 220.97
1453.81 220.21
1463.81 219.17
1464.96 220.59
1466.99 219.43
1469.69 220.52
1471.47 219.28
1535.52 219.83
1537.00 219.24
1540.03 220.75
1540.87 218.88
1543.29 220.26
1545.35 220.29
1552.48 220.24
1554.51 220.37
1555.29 220.77
1558.92 219.59
1560.13 220.79
1627.07 220.73
1631.19 219.54
1631.90 218.85
1634.73 219.82
1636.94 219.09
1650.74 220.29
1653.11 219.83
1653.22 219.11
1656.11 220.68
1657.68 220.56
1660.73 220.08
1682.81 221.18
1687.20 220.18
1687.90 220.88
1691.01 220.18
1700.51 219.01
1703.15 220.94
1703.42 219.58
1705.24 219.23
1719.11 219.09
1720.83 220.63
1723.44 220.15
1733.33 219.27
1736.30 219.38
1737.96 221.02
1741.04 219.04
1741.64 218.88
1765.56 219.60
1768.79 220.33
1769.85 220.10
1772.57 220.22
1778.74 221.19
1779.93 220.43
1782.91 219.12
1784.68 219.21
1786.82 220.37
1847.23 219.12
1851.14 219.45
1852.72 219.87
1854.28 220.20
1861.97 218.96
1864.57 220.72
1864.93 220.42
1868.33 221.07
1870.99 219.92
1897.20 220.72
1901.19 220.64
1900.89 220.54
1904.08 219.33
1904.88 219.93
1919.17 220.84
1921.20 219.81
1924.10 218.95
1926.89 220.33
1926.84 220.74
1929.34 219.71
1998.32 220.46
1999.00 220.07
2001.48 220.15
2002.89 220.79
2005.93 221.18
2007.26 219.58
2014.31 219.16
2016.44 220.85
2019.19 221.19
2020.08 220.40
2022.03 219.65
2118.11 218.84
2120.23 218.93
2122.81 220.88
2124.46 218.83
2126.35 220.46
2128.04 219.64
2140.87 220.95
2143.89 219.33
2145.57 219.50
2148.32 220.91
2149.54 219.91
2150.83 219.88
2184.58 220.73
2185.94 219.61
2186.82 220.72
2196.66 218.85
2198.70 219.12
2200.63 220.52
2202.10 220.74
2219.19 220.79
2221.96 220.94
2224.04 220.02
2225.37 219.62
2263.82 220.03
2265.59 220.47
2267.20 220.92
2269.29 220.19
2276.16 219.55
2277.89 221.13
2279.36 219.10
2281.12 219.77
2303.55 219.78
2305.06 220.57
2308.78 220.34
2310.49 220.41
2317.39 219.87
2320.59 219.58
2322.56 220.17
2324.89 220.16
2326.43 220.95
2328.54 219.62
2329.91 220.31
2332.19 219.67
2333.34 220.07
2335.33 220.68
2349.94 220.89
2352.40 220.25
2353.78 219.39
2355.53 220.84
2358.58 219.38
2374.71 221.07
2377.07 219.25
2378.18 219.31
2380.12 220.30
2380.95 219.19
2418.36 221.09
2420.11 220.70
2423.02 218.94
2423.11 219.28
2427.06 220.37
2473.76 219.37
2475.52 219.16
2478.88 221.00
82.36 222.78
83.78 222.36
85.24 222.14
88.40 221.39
89.87 222.28
90.91 222.86
94.29 221.35
96.60 221.65
97.81 220.90
100.52 221.51
101.79 222.35
103.66 222.25
105.71 222.95
108.16 221.07
110.21 220.90
111.07 222.34
112.86 223.20
117.03 221.45
208.23 222.42
209.01 221.00
210.86 221.08
213.12 221.14
217.16 222.31
217.84 223.03
219.16 221.91
222.09 222.21
224.75 220.81
227.11 221.08
261.13 221.30
262.28 220.97
263.32 222.24
266.16 221.48
268.32 222.11
269.98 221.56
271.26 221.85
274.47 221.33
320.10 221.35
321.04 222.27
324.73 222.06
325.00 221.71
328.66 223.07
328.87 223.19
332.38 222.82
335.11 222.33
334.93 222.18
338.42 221.63
340.42 222.34
343.11 221.43
421.11 221.22
424.34 221.49
424.85 221.86
428.89 222.23
430.14 221.64
433.11 222.22
433.57 222.83
435.90 221.85
437.51 223.08
441.07 221.41
440.96 222.34
443.55 222.85
445.77 222.27
447.93 222.44
449.30 222.49
452.53 222.65
454.08 221.33
455.76 221.30
457.53 220.94
460.37 222.57
499.65 222.98
502.32 223.12
503.25 221.56
504.88 222.61
573.33 222.36
575.34 221.12
578.60 221.61
579.10 222.51
642.16 223.19
644.60 222.77
646.54 220.91
649.06 223.02
693.82 220.90
695.37 221.92
698.69 221.44
699.29 222.71
702.08 222.28
702.89 221.38
705.48 222.08
708.96 222.76
709.22 222.20
713.02 223.06
713.94 221.80
714.95 221.42
730.98 222.46
732.62 221.33
732.83 221.70
736.86 221.25
739.12 221.00
739.81 223.12
743.04 221.24
744.97 222.44
746.26 221.67
748.32 222.92
768.23 223.18
771.03 221.12
772.34 221.30
812.37 222.23
814.52 223.09
815.85 222.85
818.00 223.04
821.11 222.32
823.10 221.69
822.97 221.48
825.17 220.99
827.16 220.81
848.98 222.71
852.39 221.17
853.73 222.37
855.39 221.12
858.43 221.32
860.69 222.59
862.22 222.23
863.58 221.39
866.61 222.73
866.97 223.07
871.19 221.18
871.77 221.69
887.44 220.95
889.45 222.04
891.95 221.27
893.11 221.88
895.24 221.84
898.51 223.01
900.68 221.30
902.70 222.86
905.10 222.49
950.49 223.13
953.02 222.34
953.32 221.28
957.04 221.07
958.94 220.88
961.17 222.71
962.32 222.50
964.69 222.85
966.73 222.38
966.86 222.15
970.56 222.91
971.94 221.47
974.87 222.13
1008.71 221.12
1009.47 222.25
1011.90 221.06
1013.48 221.50
1016.22 221.15
1018.07 222.14
1019.80 221.94
1022.61 220.92
1024.20 221.94
1026.38 221.99
1027.16 222.14
1029.34 223.15
1032.12 222.14
1070.84 221.06
1070.86 220.93
1073.88 221.05
1075.49 221.33
1078.86 221.37
1079.08 220.90
1083.15 221.70
1083.32 221.90
1129.78 223.19
1132.89 221.57
1134.18 221.56
1136.96 222.38
1137.70 221.31
1140.67 221.26
1142.45 222.72
1144.93 221.90
1145.91 222.01
1165.97 221.16
1168.57 221.37
1168.95 223.14
1171.07 220.97
1173.96 221.14
1176.20 221.98
1176.96 222.34
1180.76 222.76
1182.05 223.13
1206.06 220.91
1208.13 221.39
1209.02 222.50
1212.42 221.10
1214.52 220.87
1216.57 222.67
1216.89 222.06
1219.20 222.29
1221.99 221.40
1224.99 222.55
1253.17 221.82
1253.70 222.35
1256.03 222.68
1256.82 220.96
1260.33 221.54
1261.66 221.14
1264.45 222.31
1264.94 222.30
1267.96 221.90
1268.91 221.16
1270.91 221.30
1295.43 222.29
1298.91 223.11
1300.60 222.78
1301.62 222.25
1305.14 222.14
1306.11 220.86
1307.06 222.48
1311.12 221.55
1312.56 223.16
1330.93 221.18
1334.77 221.14
1335.48 221.28
1336.81 221.97
1374.93 221.97
1377.75 221.88
1379.08 221.05
1382.61 221.73
1383.18 222.57
1385.98 222.32
1388.81 222.89
1391.02 221.09
1390.87 222.04
1392.96 222.58
1416.34 221.79
1418.04 222.89
1419.35 222.56
1421.62 221.89
1424.34 221.39
1426.96 222.69
1427.00 221.79
1430.70 222.98
1431.54 221.42
1435.11 220.94
1435.57 221.02
1438.54 223.17
1450.31 222.66
1451.27 223.12
1453.88 222.52
1459.16 221.62
1462.79 221.53
1464.03 221.50
1466.13 222.36
1467.61 222.81
1469.92 223.14
1538.24 221.90
1539.13 220.86
1541.48 222.64
1543.43 221.86
1545.06 222.39
1548.74 223.09
1550.18 221.39
1550.96 222.34
1552.81 221.05
1555.69 222.09
1557.16 221.19
1559.44 221.38
1629.07 221.99
1630.65 222.10
1631.13 222.47
1632.97 222.27
1635.02 223.04
1636.95 221.27
1640.32 221.92
1641.98 222.22
1643.50 221.77
1645.43 222.75
1648.44 223.18
1650.88 221.61
1652.17 222.22
1653.86 221.76
1655.58 221.78
1657.49 221.51
1685.80 222.48
1688.42 222.52
1690.49 223.20
1692.68 221.68
1693.58 223.18
1695.56 223.01
1697.06 222.77
1699.40 221.43
1702.29 221.32
1704.72 221.89
1721.11 220.83
1721.36 222.53
1724.18 222.11
1726.24 222.11
1728.76 221.36
1731.18 221.23
1732.23 220.89
1734.74 222.05
1736.88 222.66
1738.59 221.62
1741.11 222.50
1766.94 222.06
1768.57 222.45
1769.77 223.17
1771.90 222.73
1774.69 222.17
1775.46 222.52
1777.41 222.95
1780.83 221.24
1781.56 220.88
1783.86 223.19
1847.10 222.29
1851.06 221.86
1851.56 220.99
1854.50 220.99
1855.59 221.38
1857.33 222.41
1860.84 220.96
1863.00 222.68
1863.69 223.13
1866.51 222.30
1866.98 222.23
1899.04 222.11
1900.81 223.11
1901.58 222.68
1903.88 220.96
1905.60 221.52
1907.69 221.58
1910.67 221.71
1912.92 222.69
1915.03 223.09
1916.02 223.08
1918.45 220.93
1919.69 222.38
1922.73 221.34
1923.51 221.15
1924.81 222.94
1927.50 222.49
1998.84 222.19
2003.17 221.27
2003.55 221.91
2006.03 220.98
2007.78 221.74
2008.90 222.73
2011.78 221.87
2014.13 220.88
2016.70 220.83
2019.12 222.85
2019.70 221.56
2021.38 221.29
2120.66 221.23
2123.11 221.43
2123.99 221.07
2125.35 222.89
2127.88 221.58
2130.94 220.91
2132.14 222.58
2134.61 222.00
2137.11 222.08
2139.03 221.06
2140.20 221.04
2142.51 221.96
2143.17 221.11
2146.20 221.52
2148.79 222.70
2150.41 221.59
2183.62 222.38
2186.02 223.10
2188.90 221.76
2189.42 222.15
2192.83 222.01
2194.63 222.94
2196.76 221.51
2197.76 220.95
2200.50 221.49
2221.14 221.89
2222.57 221.60
2222.93 222.53
2226.75 220.99
2263.29 221.05
2266.81 221.68
2267.25 221.14
2269.10 222.14
2271.87 222.05
2274.70 221.18
2275.60 223.16
2278.63 221.98
2281.13 222.85
2282.30 222.82
2304.97 220.95
2305.59 223.15
2307.30 220.81
2309.40 222.61
2312.52 221.98
2314.52 221.79
2314.99 222.67
2317.85 221.78
2320.48 221.08
2320.98 220.86
2323.15 222.52
2326.52 223.14
2328.83 222.93
2330.97 221.34
2330.85 221.40
2349.49 221.57
2350.91 222.91
2354.27 223.06
2356.67 221.77
2357.15 221.29
2360.81 221.14
2362.38 222.44
2363.92 222.68
2365.43 222.75
2368.56 221.46
2370.26 222.78
2370.97 221.27
2372.91 221.11
2376.37 221.29
2378.72 221.29
2379.69 222.17
2382.84 221.60
2416.69 222.68
2416.82 222.30
2419.81 221.79
2420.92 222.11
2425.00 221.88
2425.61 222.89
2470.93 221.06
2473.68 221.63
2476.28 222.27
2479.14 221.83
50.31 223.00
52.90 222.93
54.14 223.70
56.38 223.04
58.59 223.26
60.57 223.61
61.68 223.84
64.64 222.94
66.57 224.35
67.06 224.54
69.17 223.95
72.03 224.94
75.02 224.43
75.20 223.24
78.96 223.15
79.46 223.88
82.41 224.39
83.07 224.21
86.51 224.74
87.90 225.17
90.06 224.14
92.03 225.19
92.95 224.92
96.94 223.48
97.82 225.06
98.89 223.75
102.47 223.90
103.92 223.12
105.12 223.77
108.84 223.10
110.52 223.62
111.18 223.23
113.23 222.82
115.98 223.32
118.35 224.96
121.17 224.30
121.92 225.11
124.58 222.86
126.04 222.85
127.05 225.18
131.03 224.21
132.67 224.19
133.35 224.40
135.31 225.16
137.52 224.41
139.73 224.30
141.84 223.11
144.87 223.71
146.52 223.58
147.44 223.45
150.43 224.46
152.40 225.15
154.66 223.39
155.69 223.09
157.86 223.16
160.77 224.82
162.32 223.92
164.51 224.80
165.52 223.66
169.12 224.10
170.86 224.58
170.93 225.12
175.19 223.48
176.77 224.67
177.18 223.41
179.31 223.72
183.14 223.21
184.26 224.67
186.84 223.68
187.73 222.98
190.46 224.06
191.21 224.83
194.09 223.40
195.21 223.17
198.39 225.05
199.95 223.10
202.59 223.57
203.91 222.83
206.13 223.38
207.05 223.02
209.82 224.63
211.32 223.58
214.06 223.78
215.85 223.67
217.08 223.54
221.02 223.81
222.12 224.26
224.24 223.10
225.74 223.39
228.29 223.15
229.62 223.08
230.84 223.94
233.44 224.50
235.17 223.68
237.53 224.58
240.19 223.33
241.78 223.19
244.05 223.65
244.84 224.01
247.75 224.64
250.02 225.08
251.04 224.43
254.72 223.13
255.63 223.36
258.77 224.60
259.16 224.47
261.63 224.85
263.53 223.43
266.15 225.01
268.49 224.51
269.92 224.88
272.31 223.98
272.82 224.86
275.18 223.08
278.58 223.01
280.95 224.09
281.26 223.18
283.46 222.84
285.98 224.64
288.12 224.39
290.95 224.92
291.45 224.69
294.99 223.79
295.28 224.86
298.15 223.52
300.45 223.18
301.50 225.06
302.95 225.16
304.87 224.74
307.23 223.82
310.30 223.52
312.08 223.91
313.75 223.16
315.03 224.15
317.18 224.26
319.60 223.57
322.94 223.77
322.92 223.94
326.24 224.96
327.95 223.55
330.73 223.52
331.01 224.67
333.71 222.80
336.78 223.49
337.66 224.93
339.40 223.15
342.85 223.49
344.61 222.90
346.22 224.50
347.40 224.15
349.29 223.70
352.54 223.64
354.14 223.22
355.40 224.97
359.08 223.55
359.29 224.54
361.12 223.76
364.95 223.44
365.65 224.82
369.15 224.65
370.77 223.52
372.17 222.81
374.15 225.03
376.69 224.02
378.48 224.87
378.95 224.59
380.85 222.97
383.33 224.80
385.80 223.54
389.06 224.41
389.73 224.99
392.81 224.98
393.85 224.16
396.43 224.60
398.63 223.23
400.98 224.18
402.00 223.17
402.84 224.88
405.31 223.21
407.90 224.09
410.01 223.60
410.83 224.88
413.72 222.80
415.70 223.72
418.56 223.32
419.99 224.68
421.79 223.02
423.23 223.52
427.18 224.42
427.51 222.86
429.21 223.33
431.44 224.87
433.36 224.85
435.17 223.02
438.67 225.17
440.45 222.91
442.48 223.72
444.18 224.92
445.23 224.02
448.70 224.02
449.98 223.93
452.12 224.41
453.89 224.58
455.64 224.87
458.08 224.56
460.27 225.08
463.11 223.35
465.09 222.94
466.14 223.58
467.09 224.18
470.38 224.87
471.95 223.11
472.85 222.85
476.02 222.81
477.04 224.89
478.88 224.74
481.40 224.38
484.91 224.07
486.88 224.95
488.74 224.27
489.17 223.33
493.16 224.26
494.01 224.19
495.35 224.75
498.99 224.01
501.13 224.28
501.41 224.94
504.89 223.03
506.82 223.14
508.99 224.21
510.44 224.71
512.90 224.87
514.80 223.70
517.04 225.04
516.85 225.01
518.87 223.08
523.09 223.84
522.94 225.16
527.04 222.90
528.89 225.20
529.62 224.35
532.23 223.68
535.00 223.58
534.99 224.11
537.56 222.93
540.11 225.11
542.53 224.99
544.63 222.86
546.30 223.77
548.44 223.01
549.57 223.12
551.33 224.32
553.00 223.11
557.11 223.02
558.95 223.31
559.83 223.07
560.99 223.59
562.89 224.89
566.18 224.35
568.34 222.82
570.91 223.08
571.13 223.90
572.88 223.39
576.95 224.99
578.76 224.34
580.05 224.63
583.12 225.17
585.07 224.07
587.00 224.86
587.02 225.18
590.02 223.00
592.53 224.44
593.06 224.78
595.57 224.82
597.51 223.95
599.64 223.63
602.08 222.97
604.07 223.93
606.01 222.83
607.47 223.35
609.65 225.13
612.12 223.99
613.92 224.39
615.60 223.23
618.30 225.04
620.72 222.89
621.19 224.04
623.54 224.60
626.61 225.08
628.24 225.10
630.86 222.88
632.24 223.78
634.45 223.65
635.28 223.56
638.90 224.65
640.19 225.16
642.63 223.63
642.82 223.49
645.65 224.38
648.89 223.48
650.33 223.79
652.73 224.03
653.75 224.66
655.49 224.99
659.05 224.13
660.16 223.51
661.27 224.88
665.11 223.70
666.03 224.53
669.19 223.33
670.90 224.92
671.76 224.43
673.63 225.03
675.98 222.94
678.58 224.80
679.28 224.12
682.54 223.61
684.00 223.79
685.66 223.77
688.80 223.74
690.79 224.90
691.50 223.73
694.83 224.63
695.89 224.07
699.09 224.91
700.91 224.43
702.83 224.90
704.95 224.55
705.35 223.48
707.63 222.95
710.10 223.37
711.92 224.92
713.82 224.54
716.01 224.79
717.33 223.41
720.51 224.45
721.15 223.78
725.00 223.00
726.36 224.42
728.29 223.70
729.83 224.21
732.35 222.90
733.65 223.07
736.97 222.92
737.56 224.09
740.40 222.91
743.00 222.81
745.07 225.08
745.33 225.05
748.56 225.11
751.17 224.95
750.86 224.60
754.28 224.22
755.99 224.05
757.43 222.87
760.75 225.16
762.51 224.70
764.92 223.10
765.83 223.24
769.12 224.83
769.64 224.83
771.81 224.06
774.64 223.02
775.43 224.32
777.99 224.47
781.04 224.42
781.02 224.83
784.93 223.12
785.37 224.40
788.74 224.11
790.06 223.68
791.51 224.49
794.92 224.10
794.80 223.78
799.16 224.54
799.45 225.10
800.82 224.65
804.86 223.94
805.28 224.81
806.81 223.51
810.56 224.66
810.92 225.19
813.90 223.13
815.98 224.03
818.54 223.83
820.98 223.66
820.90 224.06
823.41 222.82
825.91 224.06
826.83 223.06
829.29 224.49
833.07 223.53
834.60 224.59
836.56 224.24
836.97 224.83
840.23 223.03
841.67 224.71
844.91 222.83
844.83 224.91
848.36 223.53
849.68 223.52
850.95 224.15
853.17 225.12
857.16 224.25
859.15 224.51
859.40 224.43
862.87 225.03
862.87 223.58
865.41 224.76
868.54 224.51
870.39 224.89
871.11 224.98
874.31 224.43
877.08 224.60
876.88 223.86
879.82 222.80
882.70 224.99
884.24 223.03
886.01 224.43
887.67 223.22
889.58 223.33
891.79 222.92
893.13 224.41
896.91 223.96
897.27 225.16
898.99 223.76
901.12 224.69
904.78 223.68
905.70 223.33
908.11 223.29
910.07 222.81
911.50 223.19
913.00 224.36
916.26 223.02
916.88 224.41
920.73 224.57
922.11 225.11
925.13 225.01
927.08 223.00
928.24 223.40
929.06 223.77
932.40 225.06
934.61 224.79
935.28 223.28
937.76 224.14
940.37 223.07
940.85 224.70
943.25 222.89
946.27 225.03
948.14 222.98
950.11 223.82
953.17 223.92
953.31 222.86
956.57 223.79
957.94 225.08
961.10 223.33
961.97 223.17
964.09 224.14
965.40 224.78
968.61 224.01
969.40 224.04
971.27 223.72
974.60 223.44
977.19 224.66
978.26 224.10
980.35 224.67
981.48 224.77
984.39 224.67
985.89 223.30
987.96 225.01
989.71 223.94
992.44 225.02
993.79 223.64
997.10 224.97
998.58 223.15
1000.30 223.82
1001.38 224.42
1003.57 223.83
1006.22 224.77
1006.84 222.90
1010.89 223.23
1011.71 224.96
1014.69 224.47
1016.69 223.67
1017.57 224.93
1019.72 223.68
1021.04 223.22
1022.86 223.83
1025.37 224.50
1028.64 224.98
1030.12 224.16
1031.36 224.26
1035.07 224.55
1036.95 225.09
1038.05 223.19
1039.19 224.77
1041.43 224.66
1044.26 224.29
1045.40 224.61
1048.25 223.67
1049.84 222.85
1052.48 223.13
1054.06 224.60
1054.83 223.20
1059.14 223.49
1058.93 223.79
1062.56 225.05
1065.08 224.03
1065.72 223.32
1067.48 223.04
1069.58 223.95
1071.30 223.33
1075.01 223.09
1075.82 224.78
1078.20 224.19
1079.52 224.77
1082.58 225.02
1083.94 223.94
1085.49 223.16
1087.52 223.12
1089.65 223.87
1093.18 224.62
1094.81 224.25
1096.61 224.41
1096.82 224.96
1099.83 224.56
1101.22 223.61
1103.94 224.73
1104.88 223.55
1107.88 223.65
1109.04 224.51
1112.16 223.52
1114.92 223.85
1117.19 224.93
1117.51 223.74
1119.77 223.29
1122.92 223.75
1124.66 224.21
1126.89 224.22
1128.05 223.15
1130.24 224.87
1131.22 223.08
1134.31 223.15
1135.12 224.64
1138.49 224.92
1140.12 224.44
1142.40 223.31
1144.97 223.49
1145.66 223.41
1147.79 224.15
1148.81 224.57
1151.85 223.49
1154.96 223.42
1156.77 224.85
1157.62 224.00
1160.42 223.24
1160.97 225.06
1164.93 225.14
1165.21 223.93
1168.44 225.16
1169.23 224.22
1172.87 223.61
1173.41 223.91
1177.15 223.56
1178.94 224.43
1179.63 225.06
1180.95 224.04
1183.10 224.55
1186.33 224.01
1188.51 225.04
1190.29 224.23
1191.54 223.40
1194.27 224.66
1196.95 223.43
1196.93 224.49
1199.36 224.63
1202.42 224.25
1203.09 224.11
1206.77 223.20
1207.93 222.80
1209.18 224.32
1211.68 224.76
1214.58 223.61
1216.03 224.47
1217.36 223.01
1219.81 224.64
1221.83 225.01
1224.62 223.72
1226.84 224.44
1227.73 223.73
1231.15 223.24
1232.63 224.86
1232.92 224.15
1236.31 224.22
1238.67 223.98
1239.32 223.79
1242.82 224.29
1243.61 223.96
1246.91 222.84
1247.52 222.92
1249.21 223.52
1250.89 223.25
1253.76 223.93
1255.64 222.89
1257.62 223.71
1259.01 223.57
1261.36 223.84
1263.81 224.13
1264.95 223.54
1267.17 224.20
1270.75 223.12
1273.02 224.66
1273.53 224.72
1275.66 224.83
1277.18 223.14
1279.92 224.51
1282.62 225.09
1284.77 224.37
1286.45 223.14
1286.90 223.07
1289.35 224.45
1292.58 223.07
1293.01 225.16
1296.38 224.70
1299.03 225.00
1300.40 223.32
1302.87 223.40
1304.31 223.31
1306.55 223.91
1306.93 223.37
1310.46 223.36
1311.94 224.98
1313.62 222.94
1315.57 224.27
1317.16 222.80
1319.97 223.00
1322.65 224.17
1324.06 223.02
1325.59 225.01
1329.04 223.51
1328.81 224.94
1331.01 225.14
1333.48 224.99
1336.80 222.92
1337.42 222.89
1340.24 225.17
1341.27 224.67
1344.56 224.74
1346.26 223.75
1347.86 224.50
1349.59 223.79
1352.59 224.02
1353.68 224.45
1355.10 224.16
1358.83 223.81
1360.70 223.57
1363.15 225.08
1363.97 223.41
1365.13 222.92
1368.43 225.01
1369.35 225.16
1372.78 224.57
1374.53 224.85
1375.04 223.01
1377.40 223.51
1380.75 223.54
1381.21 223.11
1383.82 223.07
1386.35 224.50
1386.90 223.01
1390.51 224.39
1392.23 224.81
1394.35 225.11
1395.99 224.15
1398.45 224.98
1399.36 224.95
1401.29 223.02
1403.92 225.07
1405.11 225.02
1409.16 224.18
1411.17 224.71
1412.69 223.01
1413.93 224.35
1415.75 224.29
1419.16 224.56
1420.04 224.58
1421.46 224.39
1424.27 222.83
1426.57 224.33
1428.35 223.20
1430.55 223.81
1432.66 224.76
1434.49 223.26
1436.61 223.58
1438.01 223.64
1440.70 223.56
1441.63 224.16
1443.35 224.98
1446.61 224.73
1448.27 223.23
1450.69 223.75
1453.10 224.41
1454.92 224.86
1456.65 223.77
1458.39 222.97
1461.00 223.65
1461.73 223.86
1464.59 222.94
1465.24 224.22
1468.69 224.57
1469.07 223.08
1473.09 225.01
1474.69 222.91
1476.12 225.01
1478.75 224.39
1479.15 222.81
1482.99 223.83
1482.97 225.01
1486.66 223.85
1488.48 224.49
1489.10 224.01
1492.59 225.12
1493.09 223.88
1495.15 223.54
1497.98 223.43
1500.62 225.18
1502.28 222.95
1505.11 224.82
1504.97 223.42
1507.77 223.54
1508.92 225.16
1513.18 224.77
1514.81 222.82
1514.92 224.97
1518.71 224.07
1519.41 223.76
1523.20 224.47
1525.01 225.06
1525.76 223.68
1526.81 223.78
1530.45 223.40
1531.90 223.92
1533.92 223.32
1536.47 223.53
1537.69 224.40
1540.63 223.37
1542.58 223.90
1543.22 225.12
1545.56 223.36
1548.76 224.07
1549.86 223.06
1552.58 223.71
1553.73 225.09
1555.52 224.30
1557.38 224.93
1559.04 223.88
1561.02 223.09
1563.87 223.24
1564.83 224.39
1567.93 223.15
1570.51 223.83
1571.60 224.70
1573.09 223.15
1575.30 223.94
1577.49 223.86
1580.30 224.28
1582.49 224.85
1582.86 224.82
1585.64 224.97
1587.84 225.09
1590.22 224.92
1592.61 223.44
1593.60 223.78
1596.77 224.97
1597.99 224.88
1600.07 224.53
1602.97 224.02
1603.70 223.40
1605.23 224.12
1608.58 225.07
1609.25 224.74
1612.91 224.96
1615.16 224.22
1617.13 222.80
1617.56 224.38
1620.87 224.07
1621.96 223.20
1625.10 223.72
1625.49 224.29
1626.83 223.40
1630.35 224.81
1631.19 224.25
1632.84 223.68
1637.06 223.97
1637.70 225.18
1639.86 224.76
1641.65 224.70
1643.94 223.26
1644.88 222.88
1648.50 224.31
1650.72 223.58
1651.94 222.87
1653.80 224.02
1655.04 223.16
1656.94 223.10
1660.67 224.89
1662.33 224.58
1664.37 223.83
1665.09 225.16
1668.31 225.12
1670.28 224.42
1671.67 225.00
1675.09 224.21
1676.06 224.56
1677.46 224.86
1679.20 222.85
1681.24 224.59
1683.75 224.45
1686.13 225.06
1687.22 223.01
1689.64 223.50
1691.76 224.19
1693.73 223.58
1695.46 223.44
1699.10 223.34
1699.90 223.38
1702.61 223.57
1703.93 224.37
1705.47 223.78
1708.15 223.99
1709.41 224.34
1712.27 224.19
1715.10 223.32
1715.61 223.31
1718.34 223.72
1719.50 224.23
1721.14 223.46
1723.49 223.19
1727.05 224.52
1729.20 224.19
1731.19 224.62
1731.68 223.84
1735.05 223.67
1735.71 224.12
1738.74 223.88
1739.47 224.29
1742.08 222.98
1743.21 222.98
1744.82 223.04
1748.00 223.05
1748.89 223.96
1753.12 224.43
1754.56 224.76
1756.80 224.78
1757.00 223.20
1759.86 224.08
1761.10 222.93
1764.83 223.04
1766.78 224.52
1769.02 224.86
1769.29 223.35
1771.50 224.84
1775.02 223.92
1775.21 223.19
1776.85 223.01
1780.41 224.77
1783.07 223.95
1783.38 225.07
1785.27 224.72
1788.18 224.26
1790.83 224.20
1790.94 224.31
1793.52 224.77
1794.90 224.85
1798.37 224.83
1800.91 223.35
1802.81 223.63
1803.31 222.93
1805.79 224.07
1806.96 222.95
1809.51 225.02
1811.13 223.07
1813.87 224.54
1816.11 224.63
1817.92 224.44
1819.42 225.16
1821.37 223.15
1825.13 224.88
1825.04 223.77
1828.34 224.54
1831.11 225.19
1831.17 223.72
1834.14 223.56
1836.52 224.28
1837.50 223.38
1840.64 223.28
1841.79 224.77
1843.84 225.12
1845.16 224.59
1847.84 223.77
1851.18 224.18
1851.39 223.30
1855.12 224.35
1856.86 223.41
1858.96 224.60
1860.03 225.03
1861.55 224.84
1862.94 225.02
1866.09 224.20
1868.60 223.10
1869.60 223.50
1872.12 224.31
1872.87 223.09
1876.36 223.27
1876.94 222.96
1879.62 224.55
1880.94 223.93
1884.10 224.59
1885.40 224.40
1889.14 224.22
1890.29 224.43
1892.79 222.92
1893.99 223.62
1896.92 224.42
1897.26 224.79
1900.00 223.22
1901.92 224.34
1903.09 224.82
1906.71 224.51
1908.84 224.95
1911.01 225.07
1913.13 223.04
1914.65 224.48
1914.95 224.04
1917.39 224.80
1919.86 224.03
1921.37 224.17
1922.96 223.08
1925.69 223.07
1928.41 223.19
1929.99 224.40
1932.40 224.01
1934.91 222.87
1936.59 223.22
1939.08 224.24
1939.79 224.58
1941.77 223.77
1943.19 223.89
1946.04 222.88
1949.14 223.29
1950.71 224.99
1953.06 225.01
1953.01 223.98
1954.86 225.12
1957.75 223.80
1958.99 224.78
1960.89 224.25
1964.34 223.21
1965.06 223.42
1967.88 224.98
1970.93 222.97
1971.29 223.59
1975.14 224.88
1975.73 223.45
1978.25 223.26
1979.52 223.28
1982.12 224.38
1983.66 224.31
1985.80 223.27
1987.11 223.95
1989.22 225.05
1992.30 224.61
1993.04 223.08
1995.26 224.14
1997.77 224.89
2000.10 224.87
2001.83 223.44
2003.45 223.08
2005.30 223.16
2007.51 223.54
2009.55 224.89
2012.20 222.84
2014.83 224.02
2016.72 223.80
2018.76 224.04
2020.70 224.11
2021.93 224.43
2024.96 222.96
2026.59 224.35
2028.83 224.30
2031.05 224.81
2030.93 223.94
2033.12 224.63
2035.47 222.87
2037.08 224.38
2040.37 225.06
2042.35 222.85
2043.34 223.08
2045.34 224.12
2048.74 223.78
2049.45 224.75
2051.55 224.05
2054.58 223.51
2055.16 223.20
2057.13 223.91
2060.46 223.77
2061.08 223.62
2063.90 223.01
2065.10 224.58
2069.16 223.57
2070.54 224.90
2073.17 224.19
2073.76 224.26
2075.29 224.55
2078.95 223.97
2080.87 223.99
2081.86 224.75
2085.02 223.55
2086.60 224.08
2088.46 224.26
2089.72 224.48
2093.01 224.03
2093.25 223.11
2095.77 224.40
2097.42 222.80
2100.24 224.49
2101.94 223.97
2103.23 224.68
2105.14 222.96
2107.59 225.13
2108.98 223.10
2112.98 223.47
2113.26 224.47
2116.95 224.93
2118.58 223.97
2119.82 224.97
2122.36 224.93
2122.82 222.90
2125.51 224.97
2128.65 224.50
2130.07 224.74
2131.77 223.63
2132.90 224.17
2135.74 224.69
2139.08 222.88
2139.02 224.02
2141.02 223.03
2144.73 225.03
2146.89 224.11
2148.44 222.99
2150.03 224.11
2151.21 223.36
2154.24 224.73
2156.36 225.01
2159.12 225.12
2159.74 223.69
2161.27 225.20
2163.90 223.56
2166.93 223.29
2168.12 224.20
2171.18 223.01
2171.79 223.34
2172.92 223.10
2176.10 222.92
2178.03 223.74
2180.19 223.45
2183.06 224.96
2184.56 223.87
2185.13 223.08
2187.85 223.65
2191.00 224.53
2191.31 223.18
2193.37 224.91
2195.38 223.26
2198.51 224.88
2199.48 222.99
2202.93 224.00
2204.03 223.11
2205.57 223.74
2207.99 223.58
2210.04 224.11
2212.34 224.00
2215.15 224.91
2215.51 223.55
2218.95 224.82
2220.95 223.34
2223.05 224.03
2224.86 222.95
2226.78 223.89
2227.25 223.98
2230.54 223.01
2232.79 224.16
2234.46 222.89
2236.38 223.35
2237.88 224.85
2239.63 223.97
2241.59 224.77
2244.07 223.86
2245.68 223.21
2248.99 222.99
2250.65 223.43
2251.75 224.47
2254.76 223.30
2255.33 223.70
2258.05 223.68
2259.87 223.34
2262.26 224.67
2264.19 223.23
2265.76 224.71
2266.86 223.71
2270.48 224.58
2271.81 223.58
2273.44 224.51
2275.40 223.37
2276.83 224.80
2280.15 224.45
2281.35 222.85
2284.74 223.60
2286.30 224.39
2287.92 224.76
2289.12 223.58
2292.43 224.17
2293.23 222.98
2296.84 223.46
2298.70 223.98
2299.00 223.46
2302.04 223.01
2304.91 223.00
2306.70 223.15
2307.53 224.82
2310.16 223.11
2312.29 224.78
2314.50 224.44
2316.80 223.87
2316.94 224.48
2319.00 223.15
2323.15 223.93
2325.13 223.98
2327.13 223.17
2327.40 224.05
2330.52 223.24
2331.88 222.99
2332.98 224.24
2335.26 223.78
2338.04 223.45
2340.57 224.02
2342.72 223.42
2343.78 224.98
2346.39 222.80
2347.90 223.63
2348.82 223.66
2352.32 225.09
2352.95 223.98
2356.44 224.38
2357.36 223.09
2360.41 222.83
2362.80 224.46
2363.86 223.51
2365.50 223.14
2368.55 223.46
2370.70 223.33
2371.12 223.02
2374.14 224.40
2375.20 223.69
2377.21 223.99
2379.67 224.00
2380.83 224.11
2384.30 224.91
2386.58 223.37
2388.92 224.50
2390.10 224.53
2393.12 223.39
2393.51 225.16
2395.07 224.17
2397.32 223.00
2399.01 224.68
2402.56 224.18
2404.49 225.10
2406.14 224.26
2408.16 224.56
2410.43 224.73
2411.24 223.84
2415.09 224.46
2416.71 223.73
2417.34 224.62
2419.69 225.03
2421.22 224.25
2423.02 222.82
2426.17 224.63
2428.00 223.71
2430.27 224.66
2432.77 223.41
2433.78 224.87
2435.70 224.98
2437.15 224.30
2441.00 223.43
2441.39 224.76
2443.59 223.72
2447.04 222.91
2448.58 225.00
2449.66 224.26
2451.45 224.72
2453.50 225.19
2456.37 224.09
2457.89 223.95
2460.68 224.95
2462.57 223.63
2464.44 223.24
2464.92 224.33
2468.78 224.80
2468.93 224.74
2472.00 224.25
2473.70 224.39
2475.51 223.99
2478.02 223.52
2479.46 223.34
2480.82 224.96
2485.19 223.60
2487.01 224.74
2487.71 224.43
2489.09 223.82
2492.08 224.45
2492.98 223.11
2496.30 223.68
2499.05 222.99
2500.53 224.95
94.15 226.11
95.12 226.57
97.87 225.65
99.61 225.72
102.31 225.68
103.82 225.00
255.93 225.80
257.53 225.76
260.99 227.15
261.88 225.98
263.88 226.61
266.72 226.94
327.61 225.65
330.19 226.19
331.56 225.90
334.18 225.06
336.54 226.62
432.93 226.10
433.45 226.84
435.17 226.87
438.40 226.41
439.28 225.39
442.81 226.91
443.09 224.81
445.72 227.19
449.06 227.01
501.47 227.03
504.03 225.53
505.30 226.02
509.15 226.52
573.97 225.98
574.80 226.81
643.16 225.49
700.87 225.61
703.57 225.49
706.66 226.01
709.12 225.06
736.90 225.74
737.48 224.82
741.12 227.00
767.42 227.18
769.12 225.34
816.49 226.74
818.42 226.93
820.77 226.96
858.77 226.61
859.09 225.72
862.97 226.33
864.57 226.25
890.90 226.37
894.42 227.03
895.82 225.87
955.83 225.86
957.00 226.12
960.97 226.78
963.01 225.51
964.32 225.26
1013.03 225.50
1015.87 224.80
1018.77 225.93
1019.83 226.58
1023.11 226.02
1070.27 224.81
1070.87 226.33
1073.25 226.36
1134.08 225.10
1136.90 225.23
1138.54 225.51
1169.42 225.92
1170.95 225.06
1175.17 225.16
1213.19 226.46
1214.43 225.98
1216.53 226.38
1257.62 225.39
1260.33 226.71
1261.90 225.94
1299.30 226.43
1301.83 227.09
1303.52 226.18
1332.64 225.28
1334.90 225.16
1382.81 225.51
1384.27 226.15
1384.90 225.58
1422.33 226.93
1423.02 225.09
1425.49 226.11
1427.70 225.65
1448.25 226.98
1449.67 226.76
1453.08 227.10
1453.28 225.91
1456.61 225.20
1457.99 226.36
1459.07 225.15
1462.19 226.31
1544.91 226.80
1548.56 226.30
1551.08 225.56
1552.33 225.71
1636.34 226.34
1638.57 226.64
1638.82 224.92
1641.30 226.11
1644.07 224.90
1645.95 225.82
1648.21 226.62
1690.45 225.41
1692.14 226.57
1694.22 225.21
1695.16 226.25
1698.73 225.00
1725.28 225.75
1729.00 225.01
1729.51 226.51
1732.24 226.20
1771.87 225.80
1773.66 227.17
1774.88 226.78
1854.90 226.42
1854.82 226.90
1859.01 226.71
1905.71 226.34
1908.07 226.90
1909.18 226.81
1911.59 225.22
1912.91 226.25
1916.09 226.52
1917.91 225.44
2007.46 226.01
2010.46 226.73
2012.52 227.20
2015.11 226.68
2129.12 225.94
2129.50 226.16
2131.69 226.52
2134.87 225.95
2136.92 225.83
2138.69 226.85
2139.02 226.00
2188.69 225.93
2191.05 225.07
2192.45 226.00
2221.16 225.74
2221.29 226.17
2269.53 225.75
2271.17 226.74
2274.74 225.16
2311.12 225.56
2313.18 225.64
2312.92 226.70
2320.95 225.74
2323.09 225.82
2324.82 225.57
2361.20 226.67
2362.17 225.52
2363.01 225.03
2366.67 226.20
2368.96 226.03
2368.82 226.53
2371.40 226.53
2419.55 226.66
2421.74 226.22
2464.98 226.56
2469.16 226.47
2468.82 226.05
2472.01 225.41
2474.85 226.66
253.81 227.38
256.83 228.14
258.64 227.16
261.15 226.88
262.68 229.15
263.12 228.16
501.14 227.36
504.39 227.06
505.40 227.04
508.96 227.06
509.26 227.41
512.85 227.22
514.73 228.09
517.14 228.22
517.82 227.88
1448.11 227.93
1451.07 228.75
1452.01 227.21
1454.62 227.02
1454.84 227.41
1456.88 228.72
2453.08 227.98
2454.81 228.75
2458.75 228.02
2460.14 227.19
2460.89 229.12
2463.81 227.64
2465.70 226.82
2467.44 227.98
2470.53 227.69
2471.25 226.93
248.88 230.21
253.03 229.80
253.65 229.53
256.92 230.97
257.02 228.89
258.93 230.87
262.54 229.41
505.08 230.28
504.98 230.64
508.97 229.03
509.83 230.67
511.47 230.18
514.63 228.90
514.87 229.52
518.85 229.70
1447.09 229.03
1448.79 230.74
1450.89 230.91
1452.97 230.96
1453.24 228.89
1457.05 229.91
2451.65 230.73
2454.85 231.10
2456.01 228.91
2457.90 231.02
2459.91 228.97
2462.94 230.05
2463.22 229.42
2467.09 230.78
2468.12 229.09
248.94 231.54
248.88 232.26
252.60 232.47
253.18 230.92
256.59 231.44
257.40 230.94
259.26 231.11
263.14 231.76
508.09 232.98
510.13 232.25
510.81 231.59
513.30 233.05
515.98 230.91
518.51 231.65
1444.27 231.26
1446.86 232.72
1447.90 232.53
1450.69 232.63
1451.96 231.75
2453.09 231.88
2454.16 233.15
2457.11 233.02
2458.32 232.38
2459.52 232.09
2461.40 231.28
242.84 234.44
246.80 235.06
248.33 234.99
249.89 233.29
251.70 234.51
254.35 233.25
256.58 233.82
257.90 233.74
260.10 233.00
262.20 233.66
1439.43 233.49
1443.06 233.75
1442.83 235.06
1446.62 232.94
1448.16 233.75
1450.08 233.23
240.81 236.57
244.93 236.23
246.06 235.29
247.93 237.09
249.58 236.86
255.95 236.71
257.89 236.57
260.74 235.31
1437.86 236.93
1439.62 234.81
1442.99 236.77
1445.11 236.44
1446.21 235.99
1448.09 235.25
1449.53 237.01
239.34 238.57
242.39 237.26
243.27 238.59
244.93 237.14
248.44 238.19
255.78 238.99
257.54 237.05
259.40 238.52
1434.32 239.19
1435.20 236.99
1436.98 238.35
1440.98 237.43
1442.61 238.31
1444.74 238.07
1446.89 236.85
1448.93 237.16
1449.39 237.73
236.56 238.94
238.31 240.77
239.41 239.64
242.38 239.87
243.69 241.18
253.55 239.49
254.92 239.83
258.79 239.45
259.54 241.17
1431.54 240.77
1432.87 239.27
1436.70 240.96
1438.19 239.97
1439.62 240.87
1442.99 241.12
1446.26 239.62
1447.72 240.96
234.87 241.34
235.65 243.06
237.54 241.13
240.07 243.19
241.77 241.79
253.20 242.74
255.53 241.92
258.52 241.38
1429.44 241.73
1431.29 241.41
1434.80 242.74
1436.47 242.24
1442.81 241.06
1444.93 240.97
1448.07 242.57
232.27 244.82
234.85 243.76
235.26 245.00
237.94 244.99
241.13 244.33
254.52 243.92
256.50 244.92
257.26 244.81
1427.00 244.96
1428.13 243.96
1430.78 242.86
1432.89 244.58
1434.13 244.46
1442.21 243.38
1443.68 244.49
1446.95 244.60
1448.53 244.97
229.43 246.21
232.84 246.06
233.78 246.71
235.39 246.59
238.07 245.48
253.13 246.91
254.08 245.43
256.72 245.97
257.15 245.24
1423.73 246.42
1425.81 245.94
1428.25 246.60
1430.17 246.88
1430.86 245.27
1441.93 246.66
1444.94 245.90
1445.30 246.08
228.06 248.81
230.49 247.37
232.89 248.01
233.71 248.76
251.58 247.19
254.52 248.16
256.90 248.11
258.91 248.14
1422.55 247.28
1423.37 248.95
1426.25 247.97
1428.02 248.57
1442.05 247.28
1443.14 246.80
1446.80 247.75
224.95 249.92
227.90 248.92
229.96 249.57
232.74 250.45
252.17 251.08
252.91 250.48
256.56 249.71
1419.03 250.32
1420.80 249.30
1424.60 249.45
1425.91 250.95
1439.14 249.62
1443.08 251.05
1443.46 249.11
1445.60 250.44
223.54 250.99
226.00 252.03
228.71 253.02
229.58 251.12
250.79 251.10
252.47 250.84
253.78 252.53
255.20 250.84
1419.01 251.58
1420.78 252.78
1423.06 250.97
1425.07 251.78
1439.31 251.02
1443.13 252.47
1443.66 252.34
220.91 254.78
223.52 254.50
225.08 255.19
227.82 252.96
249.40 254.83
251.48 253.29
254.12 254.06
256.90 254.96
1415.64 254.07
1418.66 253.06
1418.99 254.98
1420.89 254.93
1439.23 253.22
1441.89 253.33
1444.66 253.67
218.96 255.70
222.17 255.36
223.14 256.47
226.92 256.43
250.74 256.49
251.47 255.73
253.09 255.75
1413.61 256.02
1414.93 257.00
1417.25 255.00
1419.68 256.29
1437.35 256.63
1440.44 256.65
1443.02 256.85
1444.48 255.77
216.89 257.31
219.01 257.99
222.71 258.70
224.27 258.03
248.62 257.86
250.35 257.28
252.40 258.06
253.25 258.18
1413.03 257.01
1413.28 258.07
1415.07 258.38
1418.62 257.55
1438.28 257.26
1440.64 257.23
1442.94 258.48
218.79 259.87
219.82 259.10
221.38 261.11
223.52 261.12
248.84 260.64
249.12 260.10
251.27 260.86
254.45 260.04
1409.91 261.19
1411.31 259.46
1415.05 258.97
1415.31 260.59
1437.44 260.78
1440.60 259.56
1442.60 258.86
216.39 262.81
218.58 261.37
220.82 262.17
222.65 262.05
248.54 262.21
250.33 262.13
252.43 262.94
1408.62 261.65
1410.41 261.46
1412.70 260.94
1413.51 261.17
1435.97 260.94
1439.04 262.85
1440.64 261.56
1442.36 262.29
213.01 265.07
216.21 264.76
217.86 263.95
219.21 264.33
245.79 264.00
248.70 263.43
248.91 263.55
250.83 264.78
1408.90 263.35
1409.85 263.44
1413.13 264.10
1414.74 264.03
1437.03 263.40
1437.85 264.25
1439.29 263.37
214.77 266.83
215.43 265.38
218.79 266.35
219.79 265.92
245.51 265.07
248.59 266.63
250.36 266.19
1405.53 265.93
1408.64 266.47
1409.96 266.55
1412.22 267.14
1434.48 265.93
1436.95 267.12
1438.86 265.09
1440.67 266.91
215.00 268.01
215.44 268.08
217.02 267.95
244.02 268.22
244.85 267.99
246.89 268.29
249.66 267.82
1404.81 267.85
1408.75 267.30
1408.97 268.38
1434.42 268.79
1435.89 267.38
1438.88 268.86
211.58 269.93
214.79 269.34
216.90 269.48
217.12 270.26
244.76 270.45
246.41 270.49
249.01 270.64
1403.65 269.05
1406.78 269.92
1408.66 270.86
1408.99 270.89
1435.12 269.93
1436.86 269.73
1437.04 269.51
211.32 273.18
214.24 272.28
215.46 272.39
217.46 272.66
241.05 271.13
243.41 272.53
245.01 271.11
248.08 272.21
1402.99 272.56
1406.89 271.40
1408.52 272.40
1408.83 272.44
1433.00 271.73
1434.26 271.77
1436.91 271.59
212.17 275.11
214.53 272.96
215.35 273.78
242.22 274.56
243.59 274.39
246.50 272.84
1404.27 274.57
1407.00 273.10
1407.78 272.92
1430.23 275.01
1431.97 272.97
1433.67 273.57
1434.87 274.11
212.23 276.97
213.56 275.50
216.25 276.03
240.93 276.14
242.92 276.90
243.60 276.66
245.61 275.31
1404.25 275.85
1404.83 276.17
1408.57 276.85
1429.41 276.62
1432.12 275.75
1434.10 275.01
211.40 277.15
215.16 278.77
216.03 277.50
217.42 277.07
237.55 277.53
241.11 277.13
241.68 277.94
244.06 277.61
1405.04 278.56
1405.50 278.28
1407.03 277.21
1427.10 276.99
1429.69 278.81
1431.79 278.81
1434.04 278.77
211.39 279.44
215.01 279.17
215.42 279.79
217.04 279.33
235.38 279.81
237.54 280.16
239.84 280.10
243.07 279.11
1405.12 280.46
1406.65 279.09
1409.09 278.95
1409.70 279.27
1426.53 279.82
1427.27 280.46
1430.79 279.14
1430.85 280.08
214.70 281.58
216.03 281.19
217.93 281.51
219.48 282.09
232.17 282.20
233.85 281.43
235.70 281.66
238.08 281.92
240.53 282.75
1404.14 281.74
1405.15 281.19
1407.44 282.23
1409.35 282.21
1424.66 282.80
1425.31 282.62
1427.83 282.58
1431.15 283.18
214.75 283.04
214.98 284.35
218.94 284.44
219.09 284.93
221.69 283.71
225.17 283.63
226.66 283.91
227.22 284.69
231.07 284.20
232.27 284.17
232.99 283.84
236.50 283.79
238.73 284.55
1406.61 284.59
1408.00 284.65
1410.45 285.02
1412.06 284.34
1414.01 284.57
1415.39 284.64
1417.11 282.98
1419.80 284.98
1422.92 283.42
1424.95 285.04
1426.48 285.07
1428.61 284.94
215.46 286.86
217.13 287.13
219.81 284.97
222.95 286.40
222.87 284.99
226.22 286.02
228.80 286.93
228.99 285.43
230.90 285.72
234.10 285.17
236.80 286.93
1406.93 285.41
1407.70 285.08
1408.82 287.08
1412.88 286.55
1412.88 286.31
1416.47 285.97
1417.87 286.48
1420.96 285.07
1421.96 287.13
1423.22 285.51
1426.19 286.92
218.92 287.30
219.59 286.98
222.01 286.87
223.92 288.26
226.25 288.72
227.23 288.41
229.15 287.52
231.62 288.66
1410.10 287.77
1411.15 287.09
1415.12 289.05
1416.30 287.70
1418.28 288.48
1419.08 286.89
1420.92 287.70
